problem_name,method,seed,f1,f2
zdt1,ParEGO,0,0.0,1.0
zdt1,ParEGO,0,1.0,0.0
zdt1,ParEGO,0,0.8405287296610892,0.09787601432329393
zdt1,ParEGO,0,0.7889443659681692,0.11177459731880601
zdt1,ParEGO,0,0.7239394652739979,0.14915367705207905
zdt1,ParEGO,0,0.6709759874754422,0.180868760530132
zdt1,ParEGO,0,0.6288954908281398,0.20697068728316237
zdt1,ParEGO,0,0.5947463066894723,0.22880203145400324
zdt1,ParEGO,0,0.5652623022225701,0.24816072048437765
zdt1,ParEGO,0,0.5392840614990521,0.26564037318283074
zdt1,ParEGO,0,0.5167634702717092,0.28113737733019584
zdt1,ParEGO,0,0.029215138609915346,0.8290756348266423
zdt1,ParEGO,0,0.26896757398128424,0.481379161639947
zdt1,ParEGO,0,0.014850883126476025,0.8781358004725095
zdt1,ParEGO,0,0.4855951428374513,0.3031534294857645
zdt1,ParEGO,0,0.01786886615744252,0.8663255216675878
zdt1,ParEGO,0,0.46220786993025725,0.3201412867880141
zdt1,ParEGO,0,0.019603856073778993,0.8599862289852209
zdt1,ParEGO,0,0.4418963158876433,0.3352471768486851
zdt1,ParEGO,0,0.02132933562605425,0.8539543371884867
zdt1,ParEGO,0,0.42483690518501394,0.3482048594957048
zdt1,ParEGO,0,0.022672790841471037,0.8494251321054173
zdt1,ParEGO,0,0.4092788896936274,0.36025091661368724
zdt1,ParEGO,0,0.02388166523604188,0.8454630619041458
zdt1,ParEGO,0,0.39525586511247474,0.3713062231002483
zdt1,ParEGO,0,0.0250526550813621,0.8417196945878543
zdt1,ParEGO,0,0.3820814239386686,0.3818726474757256
zdt1,ParEGO,0,0.026331574426511344,0.8377299336707126
zdt1,ParEGO,1,0.0,1.0
zdt1,ParEGO,1,1.0,0.0
zdt1,ParEGO,1,0.7951456217499999,0.12073132265422859
zdt1,ParEGO,1,0.8482487643995235,0.07899578480903602
zdt1,ParEGO,1,0.7412998434690785,0.13901228611026129
zdt1,ParEGO,1,0.6901014406042726,0.1692765558838052
zdt1,ParEGO,1,0.6476758933188664,0.19521686565953278
zdt1,ParEGO,1,0.6151268069380074,0.21569979794851046
zdt1,ParEGO,1,0.5865816460310653,0.23411381652946284
zdt1,ParEGO,1,0.5611710351209686,0.25088650050812156
zdt1,ParEGO,1,0.5380079353550044,0.2665097578324547
zdt1,ParEGO,1,0.029414520721834588,0.8284933799474942
zdt1,ParEGO,1,0.27496947235956004,0.47562468368585464
zdt1,ParEGO,1,0.016685984172920946,0.8708257604128402
zdt1,ParEGO,1,0.5053263196506879,0.2891369191956247
zdt1,ParEGO,1,0.01962162300990423,0.8599227962518374
zdt1,ParEGO,1,0.4714826617548307,0.31335404919650856
zdt1,ParEGO,1,0.449043153187644,0.32989317777861416
zdt1,ParEGO,1,0.023404923503199886,0.8470133224649941
zdt1,ParEGO,1,0.4314311435227888,0.3431658173307446
zdt1,ParEGO,1,0.02556341497781913,0.8401143690702034
zdt1,ParEGO,1,0.41590656254371355,0.35509181851699734
zdt1,ParEGO,1,0.02698715609257152,0.8357223201631715
zdt1,ParEGO,1,0.40233204473789297,0.3657035040788157
zdt1,ParEGO,1,0.02822782560666376,0.8319886146516738
zdt1,ParEGO,2,0.0,1.0
zdt1,ParEGO,2,1.0,0.0
zdt1,ParEGO,2,0.7864743066605661,0.13208037891135835
zdt1,ParEGO,2,0.8471365291053996,0.07959979948644103
zdt1,ParEGO,2,0.1237696649667395,0.6481908685569127
zdt1,ParEGO,2,0.505699635593592,0.2888743883155438
zdt1,ParEGO,2,0.7415620049808577,0.13886005493830578
zdt1,ParEGO,2,0.6929919500937634,0.16753861945807758
zdt1,ParEGO,2,0.6513975796532097,0.1929079484636157
zdt1,ParEGO,2,0.6165473051560868,0.21479473692792483
zdt1,ParEGO,2,0.011032803644163132,0.8949628463629982
zdt1,ParEGO,2,0.5821465539712071,0.23701470920390144
zdt1,ParEGO,2,0.5541821893647533,0.25556585961903033
zdt1,ParEGO,2,0.016692313854345022,0.8708012621797526
zdt1,ParEGO,2,0.5223542181379989,0.2772592317172091
zdt1,ParEGO,2,0.018778827587820814,0.8629641375850072
zdt1,ParEGO,2,0.47778028929601135,0.3087834714823354
zdt1,ParEGO,2,0.020768083202984025,0.8558886430464829
zdt1,ParEGO,2,0.4579867622279635,0.3232528077428296
zdt1,ParEGO,2,0.022296946472189397,0.8506783790866527
zdt1,ParEGO,2,0.02329680486025567,0.8473670911623065
zdt1,ParEGO,2,0.4413528040085231,0.3356561101293073
zdt1,ParEGO,2,0.0243396275749198,0.8439883735905565
zdt1,ParEGO,2,0.4279488620263685,0.34582199515241385
zdt1,ParEGO,2,0.02561741751945242,0.8399455795066803
zdt1,ParEGO,2,0.4144128794693508,0.3562509188594124
zdt1,ParEGO,2,0.026978583682553924,0.8357484134549868
zdt1,ParEGO,2,0.4015804746166049,0.36629622486795543
zdt1,ParEGO,2,0.028388749468143216,0.8315103876550747
zdt1,ParEGO,3,0.0,1.0
zdt1,ParEGO,3,1.0,0.0
zdt1,ParEGO,3,0.8296926456245498,0.08912534033240893
zdt1,ParEGO,3,0.12662265402200842,0.6441592293988666
zdt1,ParEGO,3,0.49433598272452006,0.29690969091835717
zdt1,ParEGO,3,0.6955946758981222,0.16597681333303316
zdt1,ParEGO,3,0.6256621968223347,0.20901188578946728
zdt1,ParEGO,3,0.5867067488379293,0.23403214895275837
zdt1,ParEGO,3,0.5559854680538364,0.2543556692002302
zdt1,ParEGO,3,0.5290965774690048,0.27260974884935063
zdt1,ParEGO,3,0.01315153220401687,0.8853198700558076
zdt1,ParEGO,3,0.5095514110471592,0.2861713013284215
zdt1,ParEGO,3,0.01632409008464798,0.872234237431744
zdt1,ParEGO,3,0.4638755243421589,0.3189159197704303
zdt1,ParEGO,3,0.4430637904221583,0.33436962928201786
zdt1,ParEGO,3,0.018530150605101738,0.8638745042062225
zdt1,ParEGO,3,0.019705596318182847,0.859623376881395
zdt1,ParEGO,3,0.42769778973030603,0.34601392237272666
zdt1,ParEGO,3,0.020911060073025983,0.8553934300488876
zdt1,ParEGO,3,0.41268872281040914,0.35759146735865255
zdt1,ParEGO,3,0.022102652681692238,0.8513303908604982
zdt1,ParEGO,3,0.3979301958976156,0.36918291407285453
zdt1,ParEGO,3,0.023356598270344812,0.8471713434255708
zdt1,ParEGO,3,0.3850298629185747,0.3794922539415203
zdt1,ParEGO,3,0.024538217933422285,0.8433532064374687
zdt1,ParEGO,3,0.3726788731589191,0.38952569819940897
zdt1,ParEGO,3,0.025588172861615403,0.8400369640772738
zdt1,ParEGO,4,0.0,1.0
zdt1,ParEGO,4,1.0,0.0
zdt1,ParEGO,4,0.7938237164939077,0.1090321462062126
zdt1,ParEGO,4,0.8428936063184993,0.0819076264784141
zdt1,ParEGO,4,0.7683494307859684,0.12344456490991484
zdt1,ParEGO,4,0.7143843283414929,0.15478740642280242
zdt1,ParEGO,4,0.6714235055250785,0.18059563979371063
zdt1,ParEGO,4,0.637084482944808,0.20182427815373383
zdt1,ParEGO,4,0.6065467595646719,0.22118888068757525
zdt1,ParEGO,4,0.0373195604342293,0.8068172874343325
zdt1,ParEGO,4,0.3063169331621208,0.446540938133523
zdt1,ParEGO,4,0.014341446954915472,0.8802442195344398
zdt1,ParEGO,4,0.5680578702045121,0.24630386082685007
zdt1,ParEGO,4,0.017531613034795668,0.8675930023193802
zdt1,ParEGO,4,0.541194610674137,0.2643406966032871
zdt1,ParEGO,4,0.019485313112436477,0.8604101969611087
zdt1,ParEGO,4,0.5182016668766012,0.2801377445117704
zdt1,ParEGO,4,0.021355120602378475,0.8538660867478789
zdt1,ParEGO,4,0.022893277665836223,0.8486947533433284
zdt1,ParEGO,4,0.48636072006820186,0.3026043303344924
zdt1,ParEGO,4,0.02444386092757687,0.8436546741102349
zdt1,ParEGO,4,0.46499188321838003,0.31809686668971815
zdt1,ParEGO,4,0.026013333107566323,0.8387135061216646
zdt1,ParEGO,4,0.4473743314092053,0.3311395276971397
zdt1,ParEGO,4,0.027537034959880795,0.8340571334468372
zdt1,ParEGO,4,0.4319929770626581,0.34273827354496134
zdt1,ParEGO,4,0.029090888377709935,0.8294394876364698
zdt1,ParEGO,4,0.4179816963873134,0.35348496043223143
zdt1,ParEGO,4,0.03064545014828304,0.8249415807557858
zdt1,qEHVI,0,0.0,1.0
zdt1,qEHVI,0,1.0,0.0
zdt1,qEHVI,0,0.3544667337589393,0.4046289108808362
zdt1,qEHVI,0,0.6090515323884554,0.21958246278773597
zdt1,qEHVI,0,0.77557514543736,0.11933255684261845
zdt1,qEHVI,0,0.16069138742339603,0.5991366973351189
zdt1,qEHVI,1,0.0,1.0
zdt1,qEHVI,1,1.0,0.0
zdt1,qEHVI,1,0.373731317485481,0.3886643168557221
zdt1,qEHVI,1,0.6214800042931318,0.21165996911666873
zdt1,qEHVI,1,0.7746329124887158,0.11986767330774872
zdt1,qEHVI,1,0.48568715030444526,0.303087415593286
zdt1,qEHVI,1,0.16614800200853422,0.59238743639513
zdt1,qEHVI,1,0.8717846013749196,0.06630593802095985
zdt1,qEHVI,1,0.07635375482381299,0.7236781680289939
zdt1,qEHVI,2,0.0,1.0
zdt1,qEHVI,2,1.0,0.0
zdt1,qEHVI,2,0.3506733114872728,0.40782324303695194
zdt1,qEHVI,2,0.5903198083280792,0.23167727592626863
zdt1,qEHVI,2,0.16615509321078137,0.5923787380290604
zdt1,qEHVI,2,0.7479587667102519,0.1351539057668978
zdt1,qEHVI,2,0.46463917588115433,0.3183555355750666
zdt1,qEHVI,2,0.8539728517053375,0.07589348465377788
zdt1,qEHVI,3,0.0,1.0
zdt1,qEHVI,3,1.0,0.0
zdt1,qEHVI,3,0.3275332425842643,0.4484358309649539
zdt1,qEHVI,3,0.6013587125460769,0.22452678154169836
zdt1,qEHVI,3,0.7665810094909561,0.12445387928964236
zdt1,qEHVI,3,0.1547628390853565,0.6066009162626882
zdt1,qEHVI,4,0.0,1.0
zdt1,qEHVI,4,1.0,0.0
zdt1,qEHVI,4,0.39038054094679303,0.3751955978493805
zdt1,qEHVI,4,0.6194096647028731,0.21297416516173173
zdt1,qEHVI,4,0.1829168989683244,0.572312147742861
zdt1,qEHVI,4,0.7679900811124529,0.12364956717506381
zdt1,qEHVI,4,0.862951836574675,0.07104799016597474
zdt1,qEHVI,4,0.504339075621447,0.28983165684364176
zdt2,ParEGO,0,0.0,1.0
zdt2,ParEGO,0,1.0,0.0
zdt2,ParEGO,0,0.7299900975416168,0.46711445749118075
zdt2,ParEGO,0,0.85177817157108,0.27447394643502776
zdt2,ParEGO,0,0.8658126265023246,0.2503684957891461
zdt2,ParEGO,0,0.8297323822554898,0.3115441738366297
zdt2,ParEGO,0,0.8051683022890453,0.35170400498897647
zdt2,ParEGO,0,0.7794638204542969,0.39243615260279163
zdt2,ParEGO,0,0.7547986087807901,0.4302790601825838
zdt2,ParEGO,0,0.7082281131872517,0.49841293969122547
zdt2,ParEGO,0,0.6835475290920987,0.5327627754720865
zdt2,ParEGO,0,0.6595168894440786,0.565037472538007
zdt2,ParEGO,0,0.6364904806734203,0.5948798680121183
zdt2,ParEGO,0,0.6139403493380043,0.6230772474547293
zdt2,ParEGO,0,0.592530709352378,0.6489073584743679
zdt2,ParEGO,0,0.5716094054646016,0.6732626875844048
zdt2,ParEGO,0,0.5523694931305027,0.6948879430587516
zdt2,ParEGO,0,0.5336412757355545,0.7152269888313298
zdt2,ParEGO,1,0.0,1.0
zdt2,ParEGO,1,1.0,0.0
zdt2,ParEGO,1,0.7531685997881193,0.4327370602932037
zdt2,ParEGO,1,0.42266733815226804,0.8213523212592764
zdt2,ParEGO,1,0.8824917323117506,0.22120834240140552
zdt2,ParEGO,1,0.8579496913635875,0.263922327089125
zdt2,ParEGO,1,0.8330566681482396,0.3060165876537537
zdt2,ParEGO,1,0.8085132317399617,0.346306354101403
zdt2,ParEGO,1,0.7841596210405247,0.3850936887295806
zdt2,ParEGO,1,0.762530726998481,0.41854689038316806
zdt2,ParEGO,1,0.7352122352527213,0.4594629691346972
zdt2,ParEGO,1,0.7118336160090938,0.493292903119418
zdt2,ParEGO,1,0.6885346126659642,0.5259200871609306
zdt2,ParEGO,1,0.6652959611148519,0.5573812841242655
zdt2,ParEGO,1,0.6429878681581682,0.5865666014014141
zdt2,ParEGO,1,0.6213573071772954,0.6139150968173801
zdt2,ParEGO,1,0.6007579332277332,0.6390899056639425
zdt2,ParEGO,1,0.5806480379987811,0.6628478559681661
zdt2,ParEGO,1,0.5613986813380826,0.684831520591862
zdt2,ParEGO,1,0.5424573368532286,0.7057400376941029
zdt2,ParEGO,2,0.0,1.0
zdt2,ParEGO,2,1.0,0.0
zdt2,ParEGO,2,0.7613572683618217,0.420335109912625
zdt2,ParEGO,2,0.8719926517570008,0.23962881528179392
zdt2,ParEGO,2,0.8613489120597309,0.25807805169351805
zdt2,ParEGO,2,0.8426374566321306,0.2899621166805342
zdt2,ParEGO,2,0.8211216869339184,0.3257591752467961
zdt2,ParEGO,2,0.7990301735182439,0.3615507818074051
zdt2,ParEGO,2,0.7774173014470142,0.39562233941084235
zdt2,ParEGO,2,0.7474673255207972,0.44129259727878656
zdt2,ParEGO,2,0.728547782640935,0.4692181284089769
zdt2,ParEGO,2,0.706338931230973,0.5010853142274867
zdt2,ParEGO,2,0.6838382671601819,0.5323652243673597
zdt2,ParEGO,2,0.6621959057477913,0.5614965824108623
zdt2,ParEGO,2,0.6410263302979341,0.5890852438647639
zdt2,ParEGO,2,0.6204139259549921,0.6150865604811135
zdt2,ParEGO,2,0.6011955788503968,0.6385638759707364
zdt2,ParEGO,2,0.5822720010527592,0.6609593167900156
zdt2,ParEGO,2,0.5634690154839155,0.682502668589587
zdt2,ParEGO,3,0.0,1.0
zdt2,ParEGO,3,1.0,0.0
zdt2,ParEGO,3,0.7594289934735053,0.4232676038718186
zdt2,ParEGO,3,0.8746771578600682,0.2349398695178334
zdt2,ParEGO,3,0.8932608628379763,0.20208503092195407
zdt2,ParEGO,3,0.8558382948943103,0.2675408129923996
zdt2,ParEGO,3,0.8320299537005167,0.307726156145116
zdt2,ParEGO,3,0.8070546752853122,0.34866275110011935
zdt2,ParEGO,3,0.7823947006790279,0.3878585323493743
zdt2,ParEGO,3,0.7488220000569462,0.4392656122307148
zdt2,ParEGO,3,0.730972699612866,0.4656789124206787
zdt2,ParEGO,3,0.7080051865770076,0.49872865578005665
zdt2,ParEGO,3,0.6840798312359685,0.5320347844961688
zdt2,ParEGO,3,0.660776965724414,0.5633738015680365
zdt2,ParEGO,3,0.638585736915569,0.5922082566079998
zdt2,ParEGO,3,0.617103193262886,0.6191836488647492
zdt2,ParEGO,3,0.5958363175809915,0.6449790826515238
zdt2,ParEGO,3,0.5749276983146929,0.6694581417105694
zdt2,ParEGO,3,0.555552968733575,0.6913608989313115
zdt2,ParEGO,3,0.5371916263492671,0.7114251565802294
zdt2,ParEGO,4,0.0,1.0
zdt2,ParEGO,4,1.0,0.0
zdt2,ParEGO,4,0.757489522939287,0.4262096226372115
zdt2,ParEGO,4,0.8779236942496363,0.22924998707507105
zdt2,ParEGO,4,0.897674666064964,0.19418019390515528
zdt2,ParEGO,4,0.8392563236927701,0.29564882314169627
zdt2,ParEGO,4,0.8136781002378328,0.33792794919335123
zdt2,ParEGO,4,0.7890043416992474,0.3774721487797372
zdt2,ParEGO,4,0.739910355560059,0.45253266573498707
zdt2,ParEGO,4,0.7173898384101594,0.4853518197458454
zdt2,ParEGO,4,0.6939166324036693,0.518479707273551
zdt2,ParEGO,4,0.671385837801385,0.5492410567997323
zdt2,ParEGO,4,0.6495503229053912,0.5780843780135021
zdt2,ParEGO,4,0.6278277083244369,0.6058323686600857
zdt2,ParEGO,4,0.606948334416847,0.6316137193486152
zdt2,ParEGO,4,0.5868802253335134,0.6555716011124846
zdt2,ParEGO,4,0.5676652605998764,0.6777561519080744
zdt2,ParEGO,4,0.54917216597079,0.6984099321229511
zdt2,qEHVI,0,0.0,1.0
zdt2,qEHVI,0,1.0,0.0
zdt2,qEHVI,0,0.32653013660328317,0.8933780698898413
zdt2,qEHVI,0,0.6560681098503143,0.569574635237436
zdt2,qEHVI,0,0.8054808836498578,0.35120054607464424
zdt2,qEHVI,1,0.0,1.0
zdt2,qEHVI,1,1.0,0.0
zdt2,qEHVI,1,0.362577540846622,0.8685375268736162
zdt2,qEHVI,1,0.6703646169381834,0.5506112803573227
zdt2,qEHVI,2,0.0,1.0
zdt2,qEHVI,2,1.0,0.0
zdt2,qEHVI,2,0.337852363431882,0.8858557805234915
zdt2,qEHVI,2,0.628205238573715,0.6053581782285418
zdt2,qEHVI,2,0.7827372734412387,0.38732236076577553
zdt2,qEHVI,3,0.0,1.0
zdt2,qEHVI,3,1.0,0.0
zdt2,qEHVI,3,0.3546657369550629,0.8742122150301221
zdt2,qEHVI,3,0.673191622984147,0.54681303874397
zdt2,qEHVI,4,0.0,1.0
zdt2,qEHVI,4,1.0,0.0
zdt2,qEHVI,4,0.36158987798173736,0.8692527601411523
zdt2,qEHVI,4,0.6505131883954317,0.5768325917236096
zdt2,qEHVI,4,0.7913350901336876,0.3737887751231085
zdt3,ParEGO,0,0.0,1.0
zdt3,ParEGO,0,0.8646252178227722,-0.4481478269480911
zdt3,ParEGO,0,0.19347215784049943,0.5995446913105176
zdt3,ParEGO,0,0.01374591929761105,0.8770037448933783
zdt3,ParEGO,0,0.018274438036386616,0.8548924222585478
zdt3,ParEGO,0,0.020519583010948573,0.8444229532882616
zdt3,ParEGO,0,0.022673173956025406,0.8346052324530433
zdt3,ParEGO,0,0.8244185474615378,-0.3102535343457749
zdt3,ParEGO,0,0.025418944110962592,0.8223578955364546
zdt3,ParEGO,0,0.027561835848715598,0.8129895051910122
zdt3,ParEGO,0,0.029876010201248172,0.8030516040823056
zdt3,ParEGO,0,0.03169592833617543,0.7953681961800115
zdt3,ParEGO,0,0.2578491969701752,0.24216208069926914
zdt3,ParEGO,0,0.03265492110412671,0.7913676647029813
zdt3,ParEGO,1,0.0,1.0
zdt3,ParEGO,1,0.6329223147664712,-0.2591226020707358
zdt3,ParEGO,1,0.44532974804732917,-0.011151201586091149
zdt3,ParEGO,1,0.022372297190995264,0.8359650043410501
zdt3,ParEGO,1,0.4180395663146402,0.12900484211357605
zdt3,ParEGO,1,0.30372370063026916,0.48433834592974195
zdt3,ParEGO,2,0.0,1.0
zdt3,ParEGO,2,0.38526993300110546,0.7490346462530294
zdt3,ParEGO,2,0.42037693210852956,0.11446477305746523
zdt3,ParEGO,2,0.35430640171663297,0.755832435410154
zdt3,ParEGO,2,0.4094598924647034,0.3543451634993091
zdt3,ParEGO,2,0.44373555375468504,-0.014277723496312828
zdt3,ParEGO,2,0.023729360848268773,0.8298604206196871
zdt3,ParEGO,2,0.39171821508742816,0.5208427910130398
zdt3,ParEGO,2,0.022072799781734737,0.9906510837476137
zdt3,ParEGO,3,0.0,1.0
zdt3,ParEGO,3,0.45317461777438994,-0.12410512564470372
zdt3,ParEGO,3,0.08683580789312513,0.6704235605803902
zdt3,ParEGO,3,0.42261121255255035,0.07432933930376101
zdt3,ParEGO,3,0.015818809934186575,0.8666854094414812
zdt3,ParEGO,3,0.24204624096114694,0.27348893769291427
zdt3,ParEGO,4,0.0,1.0
zdt3,ParEGO,4,0.8741892246578705,-0.45389465688167546
zdt3,ParEGO,4,0.6305760119297641,-0.21027092755300103
zdt3,ParEGO,4,0.4564562373846091,-0.11596725286022112
zdt3,ParEGO,4,0.01926400876736387,0.8502454020212085
zdt3,ParEGO,4,0.4212658873719598,0.10406324518489325
zdt3,ParEGO,4,0.29020455325115,0.3733909759608299
zdt3,qEHVI,0,0.0,1.0
zdt3,qEHVI,0,0.632921350442164,-0.33954782073019096
zdt3,qEHVI,0,0.4883074086952589,0.12584508773139688
zdt3,qEHVI,0,0.2295186854955105,0.33729547938324234
zdt3,qEHVI,0,0.11722482826221152,0.7180023606809653
zdt3,qEHVI,1,0.0,1.0
zdt3,qEHVI,1,0.641862466174453,-0.42216487231927213
zdt3,qEHVI,1,0.5015670464777439,0.3164682981376631
zdt3,qEHVI,1,0.22070747607288702,0.39654003516558567
zdt3,qEHVI,1,0.10835450944795467,0.6989413713800183
zdt3,qEHVI,2,0.0,1.0
zdt3,qEHVI,2,0.2978660268530857,0.43427475628246304
zdt3,qEHVI,2,0.4618980105676934,-0.10963530466193366
zdt3,qEHVI,2,0.09035490601551127,0.6724477092074773
zdt3,qEHVI,3,0.0,1.0
zdt3,qEHVI,3,0.29889955927623657,0.4429516182553717
zdt3,qEHVI,3,0.799662464811632,0.11424096322862082
zdt3,qEHVI,3,0.13978230611936007,0.7587676328757108
zdt3,qEHVI,3,0.7081012417016511,0.3367906377385774
zdt3,qEHVI,3,0.8919453378577554,-0.16772961746468093
zdt3,qEHVI,3,0.3949103119276596,0.43445745159399524
zdt3,qEHVI,3,0.21432537201598273,0.4438143144138578
zdt3,qEHVI,4,0.0,1.0
zdt3,qEHVI,4,0.6334225764655937,-0.3453243283495031
zdt3,qEHVI,4,0.4649066665941959,-0.09669260766540244
zdt3,qEHVI,4,0.25415619601872186,0.24386818249911874
zdt3,qEHVI,4,0.1355498808409883,0.7536498365250951
zdt4,ParEGO,0,0.0,68.01874455547544
zdt4,ParEGO,1,0.0,87.63658056342672
zdt4,ParEGO,2,0.49337987322360277,90.33515713302293
zdt4,ParEGO,2,0.4979713251229014,71.52734249023779
zdt4,ParEGO,2,0.5220042825696175,70.70786951811907
zdt4,ParEGO,2,0.0,125.09372369046108
zdt4,ParEGO,2,0.32785720357684733,92.13130557282466
zdt4,ParEGO,3,0.0,57.941970800292566
zdt4,ParEGO,4,0.0,59.13151175910029
zdt4,qEHVI,0,0.0,87.1653266168464
zdt4,qEHVI,1,0.0,99.30269168579107
zdt4,qEHVI,2,0.0,71.46670280230343
zdt4,qEHVI,3,0.0,59.010994779754874
zdt4,qEHVI,4,0.0,99.42654333883954
zdt4,qEHVI,4,0.10477628693778245,81.72074114623824
zdt6,ParEGO,0,1.0,0.0
zdt6,ParEGO,0,0.31973407507708185,8.928011334652386
zdt6,ParEGO,0,0.9999999999866099,2.678013366619325e-11
zdt6,ParEGO,0,0.3029307348973401,8.947184223636318
zdt6,ParEGO,0,0.33858397003171203,8.86689104911125
zdt6,ParEGO,0,0.414285584793061,8.861445291230593
zdt6,ParEGO,0,0.2808014929637177,8.966621628271568
zdt6,ParEGO,0,0.6308422255741342,0.6020380864326732
zdt6,ParEGO,0,0.28077704386927715,9.008174242311547
zdt6,ParEGO,0,0.8205994838710335,0.3266164870705933
zdt6,ParEGO,0,0.9989543260111404,0.0020902545436282116
zdt6,ParEGO,0,0.9979622152537273,0.004071416925873206
zdt6,ParEGO,0,0.9998993502488107,0.0002012893720061415
zdt6,ParEGO,0,0.8800280010887305,0.22555071729977338
zdt6,ParEGO,0,0.8517993752827406,0.27443782426793284
zdt6,ParEGO,0,0.9133806177621941,0.16573584709635258
zdt6,ParEGO,0,0.9186653447863429,0.15605398428858974
zdt6,ParEGO,1,1.0,0.0
zdt6,ParEGO,1,0.9999999998582871,2.8342572733208726e-10
zdt6,ParEGO,1,0.9999178984206931,0.00016419641794440665
zdt6,ParEGO,1,0.7970866131911867,0.3646529310714035
zdt6,ParEGO,1,0.9728983537916877,0.05346879318942421
zdt6,ParEGO,1,0.9999998655056391,2.6898870364444605e-07
zdt6,ParEGO,1,0.9924186937158527,0.01510513636332056
zdt6,ParEGO,1,0.9819922050753633,0.03569130917122554
zdt6,ParEGO,1,0.991894421976505,0.016145455651894958
zdt6,ParEGO,1,0.9606183311383246,0.07721242188102007
zdt6,ParEGO,1,0.9970155438345,0.005960005352396269
zdt6,ParEGO,1,0.2807939505621697,0.9211547573276898
zdt6,ParEGO,1,0.461262958614961,0.7872364830097728
zdt6,ParEGO,1,0.280779876760318,2.84609906807096
zdt6,ParEGO,1,0.9999830036458011,3.39924195218444e-05
zdt6,ParEGO,1,0.6780855414032139,0.5401999985399104
zdt6,ParEGO,1,0.9165080654850688,0.16001296590081682
zdt6,ParEGO,1,0.8149915724108849,0.3357887368992333
zdt6,ParEGO,2,1.0,0.0
zdt6,ParEGO,2,0.999999992727311,1.4545378013153254e-08
zdt6,ParEGO,2,0.9530150780633713,0.09176226098386642
zdt6,ParEGO,2,0.287952313236004,0.9170834653020342
zdt6,ParEGO,2,0.9999998780814787,2.438370276802715e-07
zdt6,ParEGO,2,0.8575493974590506,0.26460903091761934
zdt6,ParEGO,2,0.942318042113864,0.11203670750669392
zdt6,ParEGO,2,0.28078423567395994,0.9211602129969901
zdt6,ParEGO,2,0.9998285899275423,0.00034279076350240967
zdt6,ParEGO,2,0.9769634071779083,0.04554250103533253
zdt6,ParEGO,2,0.9354005755565482,0.12502576324847836
zdt6,ParEGO,2,0.9958191770630135,0.008344166593542646
zdt6,ParEGO,2,0.2807757521667862,6.464516259919834
zdt6,ParEGO,2,0.8105647607061366,0.3429847687014035
zdt6,ParEGO,2,0.9192655255713287,0.15495089349606883
zdt6,ParEGO,2,0.6310750218997603,0.6017443167342171
zdt6,ParEGO,2,0.6734455753398737,0.5464710570551465
zdt6,ParEGO,2,0.28078130997756057,3.3147242802682704
zdt6,ParEGO,2,0.7305882465779738,0.4662408139621217
zdt6,ParEGO,3,1.0,0.0
zdt6,ParEGO,3,0.999999950575841,9.884831553286233e-08
zdt6,ParEGO,3,0.8623308776305161,0.25638545748498387
zdt6,ParEGO,3,0.956815195130644,0.08450468236710773
zdt6,ParEGO,3,0.9999842085615868,3.158262745694973e-05
zdt6,ParEGO,3,0.9371110509668933,0.12182287815572468
zdt6,ParEGO,3,0.9993579118251381,0.001283764072499527
zdt6,ParEGO,3,0.8453997150109156,0.2852993218594627
zdt6,ParEGO,3,0.9415366357427738,0.11350876355417927
zdt6,ParEGO,3,0.9808298223926315,0.03797285950523899
zdt6,ParEGO,3,0.6308062840539556,0.6020834319980404
zdt6,ParEGO,3,0.7277204317234236,0.470422973252274
zdt6,ParEGO,3,0.9282234671992452,0.13840119494061176
zdt6,ParEGO,3,0.31675886373453,0.8996638222456095
zdt6,ParEGO,3,0.2849703873613716,0.9187918783271098
zdt6,ParEGO,3,0.9999904879917956,1.9023925930561347e-05
zdt6,ParEGO,3,0.2808182921622081,0.9211410867871007
zdt6,ParEGO,4,1.0,0.0
zdt6,ParEGO,4,0.9999999585123638,8.297527065437293e-08
zdt6,ParEGO,4,0.6891260240689929,0.5251053229508618
zdt6,ParEGO,4,0.2847648305265691,0.9189089912951743
zdt6,ParEGO,4,0.9793409836417593,0.04089123775959147
zdt6,ParEGO,4,0.9972170663911174,0.005558122498293794
zdt6,ParEGO,4,0.9367254577836275,0.12254541674005348
zdt6,ParEGO,4,0.9995626685296501,0.0008744716818847031
zdt6,ParEGO,4,0.2807763173088563,0.9211646596384764
zdt6,ParEGO,4,0.8186595419637992,0.3297965543516225
zdt6,ParEGO,4,0.3124840050208235,0.902353746606146
zdt6,ParEGO,4,0.508872534139631,0.7410487439983101
zdt6,ParEGO,4,0.6330554822375698,0.5992407564089579
zdt6,ParEGO,4,0.8596962467972543,0.26092236324271445
zdt6,ParEGO,4,0.2814204788415625,0.9208025140885857
zdt6,ParEGO,4,0.2809811604720761,0.9210495874597654
zdt6,qEHVI,0,1.0,0.0
zdt6,qEHVI,0,0.9999999996207399,7.585201355908566e-10
zdt6,qEHVI,0,0.318379819597273,7.859231601244843
zdt6,qEHVI,0,0.2807798207312394,8.102238806588911
zdt6,qEHVI,0,0.8284270374205953,0.3137086436705355
zdt6,qEHVI,0,0.36328934017022085,7.633939260806416
zdt6,qEHVI,0,0.4400958599225676,7.446840066379124
zdt6,qEHVI,1,1.0,0.0
zdt6,qEHVI,1,0.9999999999923089,1.5382140006181544e-11
zdt6,qEHVI,1,0.8388394018810098,0.2963484578519098
zdt6,qEHVI,1,0.7786676314740155,0.3936767196946468
zdt6,qEHVI,1,0.3237946829640278,0.8951570032842248
zdt6,qEHVI,1,0.28077546590402325,3.7536603219482436
zdt6,qEHVI,1,0.2808267613486156,0.9211363301104477
zdt6,qEHVI,1,0.9998206794669714,0.0003586089102036727
zdt6,qEHVI,1,0.28077532898988755,4.459327398256869
zdt6,qEHVI,2,1.0,0.0
zdt6,qEHVI,2,0.9369353555143739,0.12215213958715376
zdt6,qEHVI,2,0.9975472816639367,0.00489942084489059
zdt6,qEHVI,2,0.28077645892837455,0.9211645801116428
zdt6,qEHVI,2,0.2857141264068257,0.9183674379715845
zdt6,qEHVI,2,0.28077608991995184,0.9211647873292631
zdt6,qEHVI,2,0.28079542331703744,0.9211539302442058
zdt6,qEHVI,2,0.8275007429246888,0.3152425204590882
zdt6,qEHVI,2,0.28079879180280776,0.9211520385220834
zdt6,qEHVI,2,0.28081458135431614,0.9211431708988002
zdt6,qEHVI,2,0.28082867776845466,0.9211352537428215
zdt6,qEHVI,2,0.2807773787972798,0.9211640635557289
zdt6,qEHVI,2,0.28077532307728514,7.04901835645165
zdt6,qEHVI,2,0.2808142762693755,0.9211433422433069
zdt6,qEHVI,3,1.0,0.0
zdt6,qEHVI,3,0.9999999999976326,4.734879155421368e-12
zdt6,qEHVI,3,0.9691074648573883,0.060830721557685874
zdt6,qEHVI,3,0.6512329606229161,0.5758956309983114
zdt6,qEHVI,3,0.6307377706414361,3.7571611700850642
zdt6,qEHVI,3,0.6309886124374475,0.6018533709742646
zdt6,qEHVI,3,0.6308127416971869,0.6020752849124782
zdt6,qEHVI,3,0.6307377365897548,7.570978423108435
zdt6,qEHVI,4,1.0,0.0
zdt6,qEHVI,4,0.995692564003606,0.00859631798792504
zdt6,qEHVI,4,0.9999988873761715,2.2252464191296895e-06
zdt6,qEHVI,4,0.28212340640526223,0.9204063835582912
zdt6,qEHVI,4,0.2820806607780857,0.9204305008149986
zdt6,qEHVI,4,0.28077620894284805,0.9211647204916822
zdt6,qEHVI,4,0.28078716927052494,0.9211585655730455
zdt6,qEHVI,4,0.6396299745191043,0.5908734956966899
zdt6,qEHVI,4,0.6323490951398436,0.600134621875821
zdt6,qEHVI,4,0.2807864856287169,0.9211589494882744
zdt6,qEHVI,4,0.2807798565283529,0.9211626721679176
zdt6,qEHVI,4,0.28077651171487006,0.9211645504692294
zdt6,qEHVI,4,0.6632305781849372,0.5601252001604738
zdt6,qEHVI,4,0.28077744577972985,0.9211640259414109
zdt6,qEHVI,4,0.28176887345546997,0.9206063019516354
zdt6,qEHVI,4,0.6455017826001089,0.5833274486600817
zdt6,qEHVI,4,0.8211938892532059,0.3256405962531934
dtlz1,ParEGO,0,0.0,0.0
dtlz1,ParEGO,0,0.0,50.5
dtlz1,ParEGO,0,173.1146740404869,14.422319024708345
dtlz1,ParEGO,0,9.382269151383918,0.10195284740179279
dtlz1,ParEGO,0,298.46710237647943,0.0
dtlz1,ParEGO,1,0.0,50.5
dtlz1,ParEGO,1,0.0,0.0
dtlz1,ParEGO,1,277.9650749295354,19.90256187226033
dtlz1,ParEGO,1,4.294447731607605,0.23729135196121678
dtlz1,ParEGO,1,7.066211626021081,0.0
dtlz1,ParEGO,2,0.0,50.5
dtlz1,ParEGO,2,3.959383300734041,2.5862069575443214
dtlz1,ParEGO,2,2.9719831221028783,2.3160579488925586
dtlz1,ParEGO,2,75.86980028028007,0.0
dtlz1,ParEGO,2,0.05497732411348024,12.372586630182711
dtlz1,ParEGO,2,6.019464838343245,4.786325462935176
dtlz1,ParEGO,2,8.168498029226154,0.0
dtlz1,ParEGO,2,0.0,0.0
dtlz1,ParEGO,3,0.0,0.0
dtlz1,ParEGO,3,0.0,50.5
dtlz1,ParEGO,3,6.69894063687504,43.80105936312496
dtlz1,ParEGO,3,3.487548077047625,47.01245192295237
dtlz1,ParEGO,3,12.952737126186282,37.54726287381372
dtlz1,ParEGO,3,0.47662896370389285,0.0
dtlz1,ParEGO,4,90.90796700255324,22.339942806412637
dtlz1,ParEGO,4,0.0,0.0
dtlz1,ParEGO,4,98.41322201676178,0.0
dtlz1,ParEGO,4,0.0,47.36121913998753
dtlz1,ParEGO,4,0.0,8.566004282415031
dtlz1,qEHVI,0,0.0,50.5
dtlz1,qEHVI,0,173.1146740404869,14.422319024708345
dtlz1,qEHVI,0,0.0,0.0
dtlz1,qEHVI,0,10.109808314304153,0.0
dtlz1,qEHVI,1,0.0,50.5
dtlz1,qEHVI,1,0.0,0.0
dtlz1,qEHVI,2,0.0,50.5
dtlz1,qEHVI,2,0.0,0.0
dtlz1,qEHVI,2,240.65830949454565,0.0
dtlz1,qEHVI,2,0.0,22.667490371503956
dtlz1,qEHVI,2,0.0,15.791235758401191
dtlz1,qEHVI,2,0.0,12.664564318416476
dtlz1,qEHVI,3,0.0,50.5
dtlz1,qEHVI,3,0.0,0.0
dtlz1,qEHVI,3,51.97867203911559,1.641977970986423
dtlz1,qEHVI,4,0.0,50.5
dtlz1,qEHVI,4,90.90796700255324,22.339942806412637
dtlz1,qEHVI,4,0.0,40.82475309478759
dtlz1,qEHVI,4,0.0,12.915937169306371
dtlz1,qEHVI,4,0.0,28.076609312299965
dtlz1,qEHVI,4,0.0,0.0
dtlz2,ParEGO,0,0.13713827481907911,0.4137852843585965
dtlz2,ParEGO,0,1.0918298012910017,0.0
dtlz2,ParEGO,0,1.1035907211391918,0.0
dtlz2,ParEGO,0,6.121744602992192e-17,6.833694809194429e-18
dtlz2,ParEGO,0,5.413062661902717e-17,0.8840202196537814
dtlz2,ParEGO,0,0.993808007005079,0.0
dtlz2,ParEGO,0,2.2962411731737555e-18,6.959050782405254e-17
dtlz2,ParEGO,0,6.163953940770245e-17,1.0066500716879072
dtlz2,ParEGO,0,6.434369464469558e-17,0.0
dtlz2,ParEGO,0,0.8287169673760186,0.4535826788462345
dtlz2,ParEGO,0,0.8015549758955688,0.3403315329858541
dtlz2,ParEGO,0,0.7430702424590172,0.04058849931169352
dtlz2,ParEGO,0,4.267029655540268e-18,6.690829510856772e-17
dtlz2,ParEGO,0,6.239040596243064e-17,1.0189126531154824
dtlz2,ParEGO,1,1.334291453854275,0.38964216287493875
dtlz2,ParEGO,1,0.7194115596682195,0.7314230905822239
dtlz2,ParEGO,1,0.7564698823289524,0.5870159331339831
dtlz2,ParEGO,1,1.1921737035121496,0.6524401507408621
dtlz2,ParEGO,1,0.5248158064780363,0.6565651614988747
dtlz2,ParEGO,1,0.008917615146544856,1.0092730242984498
dtlz2,ParEGO,1,1.2250838046718457,0.15382723240279428
dtlz2,ParEGO,1,5.879290382893476e-17,3.289497472211858e-17
dtlz2,ParEGO,1,4.159496175066395e-17,4.7205357584588493e-17
dtlz2,ParEGO,1,1.098917363303933,0.5649711773233294
dtlz2,ParEGO,1,0.5486888996664802,0.6153742199184046
dtlz2,ParEGO,1,2.2885506597372825e-17,6.066203669535918e-17
dtlz2,ParEGO,1,0.8014936513868559,0.942878730250871
dtlz2,ParEGO,1,1.2904099935190747,0.0
dtlz2,ParEGO,1,6.219518276553907e-17,0.0
dtlz2,ParEGO,1,1.3868096706782835,0.0
dtlz2,ParEGO,1,0.9568970566838533,0.6972070185244564
dtlz2,ParEGO,1,6.296128994576414e-17,1.0282358960902074
dtlz2,ParEGO,1,0.7959667857765389,0.40246289619016473
dtlz2,ParEGO,1,0.8410012095220555,0.0917122134324219
dtlz2,ParEGO,1,2.7590375134378538e-17,5.900664635559492e-17
dtlz2,ParEGO,2,1.2246467991473532e-16,0.0
dtlz2,ParEGO,2,0.7064082696439137,0.42729378421818215
dtlz2,ParEGO,2,0.6014082354632495,0.7263034167529028
dtlz2,ParEGO,2,1.0884001814581652,0.7362605671064749
dtlz2,ParEGO,2,0.10913483424141364,0.45712349741128816
dtlz2,ParEGO,2,8.846375241439772e-17,1.7089832046979643e-17
dtlz2,ParEGO,2,0.9380261757247847,0.8927272958308105
dtlz2,ParEGO,2,0.6805066228862768,0.5317655771304411
dtlz2,ParEGO,2,4.683892219392646e-17,0.7649376493947077
dtlz2,ParEGO,2,1.2399222307558666,0.0
dtlz2,ParEGO,2,1.2500729662629666,0.051694597963727426
dtlz2,ParEGO,2,1.0316540982464324,0.25105631502060394
dtlz2,ParEGO,2,1.0528367245942571,0.0
dtlz2,ParEGO,2,0.591786458922615,0.5201497330503451
dtlz2,ParEGO,2,0.026922759036479685,0.2449019394687293
dtlz2,ParEGO,2,0.724705524715745,0.7913172371981143
dtlz2,ParEGO,2,0.9529342027235806,0.0
dtlz2,ParEGO,2,5.422225774077893e-17,3.437490880107986e-17
dtlz2,ParEGO,2,1.2547023978100136,0.0
dtlz2,ParEGO,2,4.0990895202858766e-33,6.694321208596344e-17
dtlz2,ParEGO,2,0.7355330504040343,0.6409222091069549
dtlz2,ParEGO,2,0.7841551354103465,0.3026347962387467
dtlz2,ParEGO,2,0.7282102692428573,0.0640130996957613
dtlz2,ParEGO,2,4.161642927335566e-17,4.640574459996774e-17
dtlz2,ParEGO,2,6.222942034819765e-17,1.0162835585170222
dtlz2,ParEGO,3,0.8276064193294085,0.47192651187567236
dtlz2,ParEGO,3,0.03758159183803536,0.9954284853228811
dtlz2,ParEGO,3,0.12166338304634926,1.0088806092747125
dtlz2,ParEGO,3,0.21081242702649433,0.3766134563357857
dtlz2,ParEGO,3,0.757774833850174,0.8010947609698975
dtlz2,ParEGO,3,0.6674070654358554,0.3521581624896061
dtlz2,ParEGO,3,0.2899894734311008,0.5971609959549183
dtlz2,ParEGO,3,5.0850174398332647e-17,3.453865119735955e-17
dtlz2,ParEGO,3,5.069323908075982e-17,3.9865280719443044e-17
dtlz2,ParEGO,3,0.9494942866856101,0.4518258551712549
dtlz2,ParEGO,3,0.5118946071667917,0.5028885599462009
dtlz2,ParEGO,3,3.1204469656592396e-17,5.335136108843902e-17
dtlz2,ParEGO,3,0.6793254902894839,0.7471872826992113
dtlz2,ParEGO,3,4.1901924644699365e-17,4.501973556569975e-17
dtlz2,ParEGO,3,1.096324115890063,0.0
dtlz2,ParEGO,3,0.1695623696329552,0.2607947466978221
dtlz2,ParEGO,3,0.6932463702837086,0.5921017366704887
dtlz2,ParEGO,3,7.987323132741718e-17,0.0
dtlz2,ParEGO,3,0.7490140574020512,0.31684241029711413
dtlz2,ParEGO,3,0.6969844777196457,0.09505624019928509
dtlz2,ParEGO,3,2.977455123515931e-17,5.5441755105108535e-17
dtlz2,ParEGO,3,6.256289823384537e-17,1.0217296656865327
dtlz2,ParEGO,4,1.2246467991473532e-16,0.0
dtlz2,ParEGO,4,0.7745090008666679,0.7024652906970072
dtlz2,ParEGO,4,0.05396113465190715,0.8170026607886958
dtlz2,ParEGO,4,0.5101738958910856,0.8447889674852015
dtlz2,ParEGO,4,0.14273686185766507,0.46078515780742346
dtlz2,ParEGO,4,0.8156765301945363,0.716329905701445
dtlz2,ParEGO,4,0.7375623103067662,0.7769628688917721
dtlz2,ParEGO,4,0.6028171169213011,0.3255884413491427
dtlz2,ParEGO,4,0.6224801503480424,0.5724991000659332
dtlz2,ParEGO,4,0.21347862764765188,0.6092644719632673
dtlz2,ParEGO,4,2.099239292336114e-17,6.03357558997136e-17
dtlz2,ParEGO,4,1.573402749233342e-18,6.246892182665729e-17
dtlz2,ParEGO,4,1.0291402548426267,0.35020611632541315
dtlz2,ParEGO,4,0.5779177028812209,0.5226449668850723
dtlz2,ParEGO,4,1.1404596812953378,0.0
dtlz2,ParEGO,4,1.4772213311093443e-17,0.2412485513599257
dtlz2,ParEGO,4,0.6374809984745249,0.7758914286853725
dtlz2,ParEGO,4,5.248083024934064e-17,3.491607014312787e-17
dtlz2,ParEGO,4,0.693619328407695,0.6110843026467172
dtlz2,ParEGO,4,8.743130501920295e-17,1.4622917260042302e-17
dtlz2,ParEGO,4,0.7543744890282876,0.35574422519682725
dtlz2,ParEGO,4,0.6998104946014547,0.13904362197844253
dtlz2,ParEGO,4,2.0749416355660737e-17,6.043568103504089e-17
dtlz2,ParEGO,4,6.635948831290413e-17,1.0837326869936081
dtlz2,qEHVI,0,0.13713827481907911,0.4137852843585965
dtlz2,qEHVI,0,0.8344952479675386,0.8045170888287512
dtlz2,qEHVI,0,1.0979083778752996,0.19467555466122657
dtlz2,qEHVI,0,0.0995667842190901,1.0198797933723698
dtlz2,qEHVI,0,4.047136406822482e-17,5.706324362075398e-17
dtlz2,qEHVI,0,1.2816335504739049e-17,6.42766027043121e-17
dtlz2,qEHVI,0,6.477468198629307e-17,2.0838236795803974e-17
dtlz2,qEHVI,0,6.507009426480764e-17,0.0
dtlz2,qEHVI,0,2.541387729155391e-18,1.0627874682896538e-16
dtlz2,qEHVI,0,1.1226442103762861e-17,6.874500847274844e-17
dtlz2,qEHVI,0,4.696148256643148e-17,4.180274822020323e-17
dtlz2,qEHVI,0,0.9553983771424773,0.9422530603944856
dtlz2,qEHVI,0,6.370678558788195e-17,3.3572169068731145e-17
dtlz2,qEHVI,0,1.139179490513588,0.0
dtlz2,qEHVI,0,6.459170694484187e-17,1.0548626263476641
dtlz2,qEHVI,1,2.0,0.0
dtlz2,qEHVI,1,1.334291453854275,0.38964216287493875
dtlz2,qEHVI,1,0.7194115596682195,0.7314230905822239
dtlz2,qEHVI,1,0.7564698823289524,0.5870159331339831
dtlz2,qEHVI,1,1.1921737035121496,0.6524401507408621
dtlz2,qEHVI,1,0.5248158064780363,0.6565651614988747
dtlz2,qEHVI,1,1.2250838046718457,0.15382723240279428
dtlz2,qEHVI,1,5.012700238660208e-17,4.179497037654193e-17
dtlz2,qEHVI,1,6.2152846191903e-17,0.0
dtlz2,qEHVI,1,6.262408977871793e-17,1.0227289994522382
dtlz2,qEHVI,1,1.4331514651502995,0.0
dtlz2,qEHVI,1,2.1568703827024148e-17,5.789352950102401e-17
dtlz2,qEHVI,1,3.697111778693104e-17,4.949047423681125e-17
dtlz2,qEHVI,1,3.5788478406934e-17,5.773553602159997e-17
dtlz2,qEHVI,1,5.971683727576863e-17,0.9752499629663969
dtlz2,qEHVI,1,1.4371115300723363,0.598434989791151
dtlz2,qEHVI,2,2.0,0.0
dtlz2,qEHVI,2,1.275836401529311,0.24806686697206204
dtlz2,qEHVI,2,0.6276018712407849,1.307142937677257
dtlz2,qEHVI,2,0.7064082696439137,0.42729378421818215
dtlz2,qEHVI,2,0.6014082354632495,0.7263034167529028
dtlz2,qEHVI,2,1.0884001814581652,0.7362605671064749
dtlz2,qEHVI,2,0.903744380607793,0.4024354421242251
dtlz2,qEHVI,2,0.9572856663632837,0.0
dtlz2,qEHVI,2,5.489855628673511e-17,3.438703764628712e-17
dtlz2,qEHVI,2,3.863435374646557e-17,5.96091728395347e-17
dtlz2,qEHVI,2,6.541538661605694e-17,1.7882966533315915e-18
dtlz2,qEHVI,2,1.2754039271642752e-17,6.158821827184797e-17
dtlz2,qEHVI,2,4.023801646361511e-33,6.571366779651142e-17
dtlz2,qEHVI,2,1.514009852064389e-17,0.24725657277159452
dtlz2,qEHVI,2,1.2417053041755135,0.0
dtlz2,qEHVI,2,1.884009128131002,0.0
dtlz2,qEHVI,2,0.7656148849517094,0.8929973221087808
dtlz2,qEHVI,2,1.2510432026697036,0.6618821524324293
dtlz2,qEHVI,2,7.485438090460897e-17,1.2224648111884262
dtlz2,qEHVI,2,8.801066874875022e-17,1.4373232969706315
dtlz2,qEHVI,2,1.1302578391398965,0.8173810502885498
dtlz2,qEHVI,2,7.400372016123012e-17,0.0
dtlz2,qEHVI,3,0.6326663900392808,0.6636503107693544
dtlz2,qEHVI,3,0.8276064193294085,0.47192651187567236
dtlz2,qEHVI,3,0.8913683928847561,0.9294063336457096
dtlz2,qEHVI,3,6.204560152680483e-17,1.1714722993044385e-17
dtlz2,qEHVI,3,7.082037603895351e-17,7.222395995145726e-18
dtlz2,qEHVI,3,5.778670455111551e-17,2.8157121847905535e-17
dtlz2,qEHVI,3,6.122492473614783e-17,2.5421841395932396e-17
dtlz2,qEHVI,3,1.035832671875276,0.0
dtlz2,qEHVI,3,5.721958336756499e-17,3.1452057888742923e-17
dtlz2,qEHVI,3,6.468896815194741e-17,1.0564510224006856
dtlz2,qEHVI,3,7.663158090230867e-17,0.0
dtlz2,qEHVI,3,5.983397310371453e-17,0.9771629362094159
dtlz2,qEHVI,4,1.2246467991473532e-16,2.0
dtlz2,qEHVI,4,0.7745090008666679,0.7024652906970072
dtlz2,qEHVI,4,0.05396113465190715,0.8170026607886958
dtlz2,qEHVI,4,0.9709848892562407,0.35064235937826127
dtlz2,qEHVI,4,0.7349859710751796,1.0897001124317531
dtlz2,qEHVI,4,0.5101738958910856,0.8447889674852015
dtlz2,qEHVI,4,0.4674160332805793,1.6076867664304064
dtlz2,qEHVI,4,5.144655308801219e-17,3.760717524888517e-17
dtlz2,qEHVI,4,6.297099416720907e-17,6.365814981535857e-18
dtlz2,qEHVI,4,0.9106300651070068,0.9261966669471949
dtlz2,qEHVI,4,1.0145987426972685,0.0
dtlz2,qEHVI,4,7.178939045582897e-17,0.0
dtlz2,qEHVI,4,6.203869894011784e-17,3.265618396014851e-17
dtlz2,qEHVI,4,2.406698817297222e-17,0.39304374436333145
dtlz2,qEHVI,4,4.0170790472935685e-33,6.560387942205729e-17
dtlz2,qEHVI,4,6.266342165223696e-17,1.0233713376928872
dtlz2,qEHVI,4,9.479308251914914e-17,1.5480885196474243
