problem_name,method,seed,iteration,acq_type,acq_value,acq_label,candidate_x,new_y_model_space,new_y_minimization,posterior_mean,posterior_std,train_size,parego_weights,parego_probe_max,evaluations,hypervolume,ideal_hypervolume,normalized_hypervolume,gd,igd,spacing,coverage,pareto_size,best_f1,best_f2,elapsed_sec,device,difficulty,family,description,n_var,n_obj
zdt1,ParEGO,0,40,ParEGO,-9.680316294040825,qLogNEI,"[0.026331574426511344, 0.0, 0.0, 0.0, 0.0, 0.0]","[-0.026331574426511344, -0.8377299336707126]","[0.026331574426511344, 0.8377299336707126]","[-0.02588171991922411, -0.8323239679717495]","[0.001282662397521803, 0.006390650821472461]",60,"[[0.8496929133858268, 0.15030708661417325]]",[-37.81785263405544],60,0.7397073623968424,0.8683145333564439,0.8518887269311567,0.002656487292964485,0.04350472532687078,0.04428655138954661,1.0,28,0.0,0.0,243.81676929999998,cpu,easy,ZDT,Гладкий выпуклый фронт Парето. Базовая легкая задача для проверки сходимости и равномерности покрытия.,6,2
zdt1,ParEGO,1,40,ParEGO,-9.9064343316169,qLogNEI,"[0.02822782560666376, 0.0, 0.0, 0.0, 0.0, 0.0]","[-0.02822782560666376, -0.8319886146516738]","[0.02822782560666376, 0.8319886146516738]","[-0.027861649679114475, -0.8279432990799991]","[0.0013810770232417617, 0.007166726056270592]",60,"[[0.8496929133858268, 0.15030708661417325]]",[-37.715861793388605],60,0.7328924984738844,0.8683145333564439,0.8440403451971606,0.0025808288145115553,0.04436016502097217,0.04619711650392184,1.0,25,0.0,0.0,236.8089091,cpu,easy,ZDT,Гладкий выпуклый фронт Парето. Базовая легкая задача для проверки сходимости и равномерности покрытия.,6,2
zdt1,ParEGO,2,40,ParEGO,-9.428979709953266,qLogNEI,"[0.028388749468143216, 0.0, 0.0, 0.0, 0.0, 0.0]","[-0.028388749468143216, -0.8315103876550747]","[0.028388749468143216, 0.8315103876550747]","[-0.02796170620272742, -0.8261244924519896]","[0.001107132395445593, 0.00626598027592091]",60,"[[0.8496929133858268, 0.15030708661417325]]",[-38.1404325556585],60,0.730392960172569,0.8683145333564439,0.8411617358853327,0.0031009381787832735,0.044645176715344126,0.047735431578539406,1.0,29,0.0,0.0,290.31262080000005,cpu,easy,ZDT,Гладкий выпуклый фронт Парето. Базовая легкая задача для проверки сходимости и равномерности покрытия.,6,2
zdt1,ParEGO,3,40,ParEGO,-10.080259970604136,qLogNEI,"[0.025588172861615403, 0.0, 0.0, 0.0, 0.0, 0.0]","[-0.025588172861615403, -0.8400369640772738]","[0.025588172861615403, 0.8400369640772738]","[-0.025148240704130465, -0.834793865604557]","[0.0011269984246938577, 0.006750451107331243]",60,"[[0.8496929133858268, 0.15030708661417325]]",[-38.21902510903619],60,0.7272327934011904,0.8683145333564439,0.837522309559986,0.002499428791936534,0.04438596205966253,0.05821184308722692,1.0,27,0.0,0.0,297.51827260000005,cpu,easy,ZDT,Гладкий выпуклый фронт Парето. Базовая легкая задача для проверки сходимости и равномерности покрытия.,6,2
zdt1,ParEGO,4,40,ParEGO,-9.470284334279764,qLogNEI,"[0.03064545014828304, 0.0, 0.0, 0.0, 0.0, 0.0]","[-0.03064545014828304, -0.8249415807557858]","[0.03064545014828304, 0.8249415807557858]","[-0.030287469446959647, -0.8173453287660382]","[0.001222421636969523, 0.005808053632334855]",60,"[[0.8496929133858268, 0.15030708661417325]]",[-38.30014035740823],60,0.7338434642968179,0.8683145333564439,0.8451355310847647,0.002358518825916336,0.04657679727713677,0.04162702792525965,1.0,29,0.0,0.0,262.0729827,cpu,easy,ZDT,Гладкий выпуклый фронт Парето. Базовая легкая задача для проверки сходимости и равномерности покрытия.,6,2
zdt1,qEHVI,0,40,qEHVI,0.006298843790095399,qEHVI,"[0.0, 0.0, 0.6777882623572314, 1.0, 0.0, 0.0]","[-0.0, -4.020018872243017]","[0.0, 4.020018872243017]","[-0.0059588222650613365, -3.8075620073185985]","[0.012523696210085656, 0.16879131433422348]",60,,,60,0.5583397459122809,0.8683145333564439,0.6430155484718598,0.0010611651205051245,0.07365757776206495,0.07951015039627264,1.0,6,0.0,0.0,373.79084809999995,cpu,easy,ZDT,Гладкий выпуклый фронт Парето. Базовая легкая задача для проверки сходимости и равномерности покрытия.,6,2
zdt1,qEHVI,1,40,qEHVI,0.005683158734712302,qEHVI,"[0.0, 0.6414806412702857, 0.18351305018792088, 0.0, 0.0, 0.0]","[-0.0, -2.4849886446247718]","[0.0, 2.4849886446247718]","[0.0008722873148809263, -2.508555619427684]","[0.003247484585191092, 0.050980972434669765]",60,,,60,0.6779127255064421,0.8683145333564439,0.7807225371271752,0.0014091878070882724,0.04775120148352055,0.04920360544472981,1.0,9,0.0,0.0,415.4410489999998,cpu,easy,ZDT,Гладкий выпуклый фронт Парето. Базовая легкая задача для проверки сходимости и равномерности покрытия.,6,2
zdt1,qEHVI,2,40,qEHVI,0.005188417082917097,qEHVI,"[0.0, 0.2528870909377656, 0.0, 0.0, 0.0, 0.6167238946932316]","[-0.0, -2.565299774135795]","[0.0, 2.565299774135795]","[0.0005667080852934936, -2.5786636429965513]","[0.0034538718928915336, 0.057920899492625216]",60,,,60,0.6218729638020377,0.8683145333564439,0.7161839862315863,0.0011138423888990136,0.0564950992599362,0.10186787859164789,1.0,8,0.0,0.0,410.11782730000004,cpu,easy,ZDT,Гладкий выпуклый фронт Парето. Базовая легкая задача для проверки сходимости и равномерности покрытия.,6,2
zdt1,qEHVI,3,40,qEHVI,0.0070076618438237,qEHVI,"[0.0, 0.31164931309130517, 0.3388569057579745, 0.8695236516562066, 0.0, 0.0]","[-0.0, -3.7360537669098752]","[0.0, 3.7360537669098752]","[0.0005505551581476975, -3.764076939790713]","[0.005725783341481506, 0.1120765399088974]",60,,,60,0.5619418918892162,0.8683145333564439,0.6471639829832705,0.003634152793491553,0.07560661019766904,0.07822467285570685,1.0,6,0.0,0.0,387.2522346999999,cpu,easy,ZDT,Гладкий выпуклый фронт Парето. Базовая легкая задача для проверки сходимости и равномерности покрытия.,6,2
zdt1,qEHVI,4,40,qEHVI,0.004501792098781409,qEHVI,"[0.0, 0.0, 0.5096593555657779, 0.44370869098121535, 0.0, 0.0]","[-0.0, -2.716062483784588]","[0.0, 2.716062483784588]","[0.0005611189258753202, -2.7510898925861262]","[0.0037254112669437623, 0.057845365547169264]",60,,,60,0.6055954829971658,0.8683145333564439,0.6974379210909376,0.0014323895419183182,0.05945452506293256,0.1156696118617119,1.0,8,0.0,0.0,420.76013349999994,cpu,easy,ZDT,Гладкий выпуклый фронт Парето. Базовая легкая задача для проверки сходимости и равномерности покрытия.,6,2
zdt2,ParEGO,0,40,ParEGO,-14.929628960322844,qLogNEI,"[0.0, 0.0, 0.0, 0.0, 0.0, 0.0]","[-0.0, -1.0]","[0.0, 1.0]","[-0.00011162578219553465, -1.0010880579779937]","[0.0010609469890734626, 0.006167747184358873]",60,"[[0.8496929133858268, 0.15030708661417325]]",[-37.392153107864864],60,0.3741582238989007,0.5343452179206173,0.700218157383203,0.0015585092581206293,0.09520201739719525,0.13920294200331848,1.0,18,0.0,0.0,150.11861190000036,cpu,easy,ZDT,Невыпуклый фронт Парето. Полезна для проверки устойчивости scalarization-методов на non-convex PF.,6,2
zdt2,ParEGO,1,40,ParEGO,-15.150121234670543,qLogNEI,"[0.0, 0.0, 0.0, 0.0, 0.0, 0.0]","[-0.0, -1.0]","[0.0, 1.0]","[-9.880650628502075e-05, -1.0009972587154128]","[0.0011118704283570922, 0.006283810953368811]",60,"[[0.8496929133858268, 0.15030708661417325]]",[-37.27476805279378],60,0.39084700452433596,0.5343452179206173,0.7314503647011219,0.0018146607814023825,0.06489599066692939,0.10369044292691418,1.0,20,0.0,0.0,159.6608867,cpu,easy,ZDT,Невыпуклый фронт Парето. Полезна для проверки устойчивости scalarization-методов на non-convex PF.,6,2
zdt2,ParEGO,2,40,ParEGO,-14.904440279291737,qLogNEI,"[0.0, 0.0, 0.0, 0.0, 0.0, 0.0]","[-0.0, -1.0]","[0.0, 1.0]","[-0.00010367619143081264, -1.0014286861879318]","[0.0010279198727166825, 0.005896508765890099]",60,"[[0.8496929133858268, 0.15030708661417325]]",[-37.62936426495763],60,0.36750428096616944,0.5343452179206173,0.6877656403407097,0.0023211205656781786,0.10449472895977524,0.14480509448566722,1.0,19,0.0,0.0,171.0556316999996,cpu,easy,ZDT,Невыпуклый фронт Парето. Полезна для проверки устойчивости scalarization-методов на non-convex PF.,6,2
zdt2,ParEGO,3,40,ParEGO,-15.04493061795025,qLogNEI,"[0.0, 0.0, 0.0, 0.0, 0.0, 0.0]","[-0.0, -1.0]","[0.0, 1.0]","[-7.218205420578272e-05, -1.000365766463332]","[0.0010797394396735486, 0.006425819760898899]",60,"[[0.8496929133858268, 0.15030708661417325]]",[-37.972151984291706],60,0.3827466191764211,0.5343452179206173,0.716290903970029,0.0020671857040611983,0.09314419763072344,0.13044292576174601,1.0,20,0.0,0.0,183.05524839999998,cpu,easy,ZDT,Невыпуклый фронт Парето. Полезна для проверки устойчивости scalarization-методов на non-convex PF.,6,2
zdt2,ParEGO,4,40,ParEGO,-15.309754541525027,qLogNEI,"[0.0, 0.0, 0.0, 0.0, 0.0, 0.0]","[-0.0, -1.0]","[0.0, 1.0]","[-5.339547337801509e-05, -1.0005276119135094]","[0.000999194216395117, 0.0055888482295527765]",60,"[[0.8496929133858268, 0.15030708661417325]]",[-38.16630665536744],60,0.3774187847351723,0.5343452179206173,0.7063201317752635,0.0014906848893957456,0.09734715400606078,0.13925349168841464,1.0,18,0.0,0.0,166.3118843999996,cpu,easy,ZDT,Невыпуклый фронт Парето. Полезна для проверки устойчивости scalarization-методов на non-convex PF.,6,2
zdt2,qEHVI,0,40,qEHVI,0.010178400800194375,qEHVI,"[0.0, 0.0, 0.0, 0.5345313566354735, 0.5837205550431956, 1.0]","[-0.0, -4.812853441021605]","[0.0, 4.812853441021605]","[-0.004141303312457517, -4.802257111740295]","[0.012136202935805395, 0.17831251157901923]",60,,,60,0.24188357166612887,0.5343452179206173,0.45267284810259734,0.0013125913378188839,0.09547690605309658,0.052570961581247605,1.0,5,0.0,0.0,351.6266906999999,cpu,easy,ZDT,Невыпуклый фронт Парето. Полезна для проверки устойчивости scalarization-методов на non-convex PF.,6,2
zdt2,qEHVI,1,40,qEHVI,0.010190564577638884,qEHVI,"[0.0, 1.0, 1.0, 0.0, 0.0, 0.0]","[-0.0, -4.6]","[0.0, 4.6]","[-0.006969851296634605, -4.448710654175827]","[0.014287212762937295, 0.23830933328242812]",60,,,60,0.16201580056687495,0.5343452179206173,0.3032043614002065,0.0010822888631851788,0.12176660332541099,0.10526615552165768,1.0,4,0.0,0.0,374.22476860000006,cpu,easy,ZDT,Невыпуклый фронт Парето. Полезна для проверки устойчивости scalarization-методов на non-convex PF.,6,2
zdt2,qEHVI,2,40,qEHVI,0.044272883711760566,qEHVI,"[0.7827372734412387, 0.0, 0.0, 0.0, 0.0, 0.0]","[-0.7827372734412387, -0.38732236076577553]","[0.7827372734412387, 0.38732236076577553]","[-0.8209511835899299, -0.35807528342046036]","[0.02796685121581644, 0.02616660191621222]",60,,,60,0.24086242429648821,0.5343452179206173,0.45076182254197866,0.0007422246384439317,0.09389545212090301,0.06627417799132593,1.0,5,0.0,0.0,374.3353539999998,cpu,easy,ZDT,Невыпуклый фронт Парето. Полезна для проверки устойчивости scalarization-методов на non-convex PF.,6,2
zdt2,qEHVI,3,40,qEHVI,0.01029453411818956,qEHVI,"[0.0, 0.48425180362924003, 1.0, 0.6769983846905101, 0.0, 0.0]","[-0.0, -4.89025033897555]","[0.0, 4.89025033897555]","[0.00019439060395118335, -4.873805924088106]","[0.007926199615001983, 0.14180408040158066]",60,,,60,0.1609606242845217,0.5343452179206173,0.3012296524536955,0.0007233577278480033,0.12161099364521583,0.10647468428631945,1.0,4,0.0,0.0,371.57132270000056,cpu,easy,ZDT,Невыпуклый фронт Парето. Полезна для проверки устойчивости scalarization-методов на non-convex PF.,6,2
zdt2,qEHVI,4,40,qEHVI,0.010564542653310643,qEHVI,"[0.0, 0.45057147954155347, 0.0, 0.3808590001504486, 1.0, 0.0]","[-0.0, -4.296574863445604]","[0.0, 4.296574863445604]","[-8.487626030448392e-05, -4.243305971966652]","[0.007696544193415639, 0.12561234337625377]",60,,,60,0.24317439875982041,0.5343452179206173,0.4550885656020722,0.0016929635252806905,0.09565030540670173,0.07611389279306317,1.0,5,0.0,0.0,363.3582501000001,cpu,easy,ZDT,Невыпуклый фронт Парето. Полезна для проверки устойчивости scalarization-методов на non-convex PF.,6,2
zdt3,ParEGO,0,40,ParEGO,-11.127325252456814,qLogNEI,"[0.03265492110412671, 0.0, 0.0, 0.0, 0.0, 0.0]","[-0.03265492110412671, -0.7913676647029813]","[0.03265492110412671, 0.7913676647029813]","[-0.03202761211596217, -0.7910268832193472]","[0.0014669035849253578, 0.01104047402069351]",60,"[[0.8496929133858268, 0.15030708661417325]]",[-37.44019112656959],60,0.5645862155066558,1.0902681924052398,0.5178415911236689,0.017079117453276924,0.1715024922552097,0.10813184389174499,0.9083041422518534,14,0.0,-0.4481478269480911,359.0759192000005,cpu,medium,ZDT,Разрывный фронт Парето с несколькими несвязными сегментами.,6,2
zdt3,ParEGO,1,40,ParEGO,-11.390219418207549,qLogNEI,"[1.2457097455728563e-16, 0.0, 0.05396739248388599, 0.0, 0.0, 0.0]","[-1.2457097455728563e-16, -1.0971412947803163]","[1.2457097455728563e-16, 1.0971412947803163]","[-0.0005231846135280716, -1.098744213316129]","[0.001805128546094524, 0.11069731261352439]",60,"[[0.8496929133858268, 0.15030708661417325]]",[-37.70972332228964],60,0.6659014758369259,1.0902681924052398,0.6107685067541787,0.021661276914663245,0.1782816173506495,0.09087720530682653,0.7265147892821735,6,0.0,-0.2591226020707358,322.87330510000083,cpu,medium,ZDT,Разрывный фронт Парето с несколькими несвязными сегментами.,6,2
zdt3,ParEGO,2,40,ParEGO,-9.240814476695254,qLogNEI,"[0.0, 1.0, 1.0, 0.0, 0.0, 0.0]","[-0.0, -4.6]","[0.0, 4.6]","[-0.030359916957112654, -4.203469310746038]","[0.04895391237693951, 1.0712336840538508]",60,"[[0.8496929133858268, 0.15030708661417325]]",[-12.845127778578993],60,0.6337688175522883,1.0902681924052398,0.5812962553315726,0.08477974153790908,0.29669061132002655,0.06278465854452275,0.5464340898352212,9,0.0,-0.014277723496312828,365.0383561999997,cpu,medium,ZDT,Разрывный фронт Парето с несколькими несвязными сегментами.,6,2
zdt3,ParEGO,3,40,ParEGO,-11.099867332399409,qLogNEI,"[0.0, 0.0, 1.0, 0.0, 0.0, 1.0]","[-0.0, -4.6]","[0.0, 4.6]","[-0.030431250940297083, -3.5806480483229572]","[0.05004699732289958, 0.9829186639509354]",60,"[[0.8496929133858268, 0.15030708661417325]]",[-38.0553576737014],60,0.7136466224097519,1.0902681924052398,0.6545606185532906,0.0037369654608141803,0.22960857419964786,0.04655245334670736,0.5829402832721469,6,0.0,-0.12410512564470372,311.98239469999953,cpu,medium,ZDT,Разрывный фронт Парето с несколькими несвязными сегментами.,6,2
zdt3,ParEGO,4,40,ParEGO,-9.605683348245943,qLogNEI,"[0.022151566630664293, 0.0, 0.0, 0.05624029339411397, 0.0, 0.0]","[-0.022151566630664293, -0.9308456079021384]","[0.022151566630664293, 0.9308456079021384]","[-0.020705694463666435, -1.0624094774615989]","[0.002413015957085739, 0.1123993426657529]",60,"[[0.8496929133858268, 0.15030708661417325]]",[-38.343386194215604],60,0.70833122652953,1.0902681924052398,0.6496853081321955,0.02175882297624106,0.13098784207562564,0.06786805144220182,0.9099244564373496,7,0.0,-0.45389465688167546,398.8747800000001,cpu,medium,ZDT,Разрывный фронт Парето с несколькими несвязными сегментами.,6,2
zdt3,qEHVI,0,40,qEHVI,0.008343440777528986,qEHVI,"[0.0, 0.2612001236196594, 0.0, 1.0, 0.4371723766085105, 0.0]","[-0.0, -4.057070500410706]","[0.0, 4.057070500410706]","[0.0005479074164410902, -4.008847485421747]","[0.0073584690264219335, 0.335873153318028]",60,,,60,0.5800193394877207,1.0902681924052398,0.5319969375683065,0.02669785252983109,0.16377728055790997,0.06824720810068649,0.7491900504781389,5,0.0,-0.33954782073019096,343.5614682000005,cpu,medium,ZDT,Разрывный фронт Парето с несколькими несвязными сегментами.,6,2
zdt3,qEHVI,1,40,qEHVI,0.00797473201189481,qEHVI,"[0.0, 0.0, 1.0, 0.0, 0.0, 1.0]","[-0.0, -4.6]","[0.0, 4.6]","[-0.008520088506804885, -4.038063707056855]","[0.017921835685154645, 0.5848568718961905]",60,,,60,0.5179170551296636,1.0902681924052398,0.47503637979852203,0.03344521402406409,0.17870718596781057,0.17876900695311457,0.7777320264400095,5,0.0,-0.42216487231927213,358.0631913999996,cpu,medium,ZDT,Разрывный фронт Парето с несколькими несвязными сегментами.,6,2
zdt3,qEHVI,2,40,qEHVI,0.011814249303879667,qEHVI,"[0.0, 0.0, 0.8944388732601296, 0.0, 1.0, 0.7916651077275954]","[-0.0, -5.834987165777905]","[0.0, 5.834987165777905]","[-0.008370186947528585, -5.1553122313665884]","[0.024738780162264957, 0.6873426851022557]",60,,,60,0.4726596600974681,1.0902681924052398,0.4335260474349289,0.02629730451698696,0.2585011758635661,0.10621231595811652,0.5839808950291784,4,0.0,-0.10963530466193366,306.8357741999989,cpu,medium,ZDT,Разрывный фронт Парето с несколькими несвязными сегментами.,6,2
zdt3,qEHVI,3,40,qEHVI,0.014080451468976699,qEHVI,"[0.21432537201598273, 0.0, 0.0, 0.0, 0.0, 0.0]","[-0.21432537201598273, -0.4438143144138578]","[0.21432537201598273, 0.4438143144138578]","[-0.21505729321405337, -0.5908370389474622]","[0.003993803559181348, 0.044987848434422176]",60,,,60,0.5425498317621579,1.0902681924052398,0.49762969840039006,0.1554730235311522,0.28104013070623796,0.08835545932018671,0.8292404483634889,8,0.0,-0.16772961746468093,378.0438997000001,cpu,medium,ZDT,Разрывный фронт Парето с несколькими несвязными сегментами.,6,2
zdt3,qEHVI,4,40,qEHVI,0.011361491825780237,qEHVI,"[0.0, 0.3065436589967671, 0.0, 0.2775203082368685, 0.36428910134251175, 1.0]","[-0.0, -4.507035523437065]","[0.0, 4.507035523437065]","[0.0017632522647504367, -4.428975421063576]","[0.008362032280764351, 0.37311933500067496]",60,,,60,0.6544170290042426,1.0902681924052398,0.6002349087709637,0.024004334127394108,0.15660888019595334,0.0447210413923882,0.75111293670449,5,0.0,-0.3453243283495031,345.83327889999964,cpu,medium,ZDT,Разрывный фронт Парето с несколькими несвязными сегментами.,6,2
zdt4,ParEGO,0,40,ParEGO,-8.331287728489407,qLogNEI,"[0.0, -1.061717527828922, -4.9999978476753055, -2.283088798530592, -0.5510819349020937, -2.046352174244735, -1.5231733044837426, -1.3977933282276387, 1.440359181469792, 2.7429449354135866]","[-0.0, -106.58629883114273]","[0.0, 106.58629883114273]","[-0.003043211661692913, -156.0370013352371]","[0.022116665658874962, 25.306968166168474]",60,"[[0.8496929133858268, 0.15030708661417325]]",[-36.79923240602437],60,0.0,0.8683145333564439,0.0,67.01874455547544,67.68696677288402,0.0,0.0,1,0.0,68.01874455547544,836.5768566999996,cpu,medium,ZDT,Мультимодальная задача с большим числом локальных оптимумов вне фронта Парето.,10,2
zdt4,ParEGO,1,40,ParEGO,-7.219347076654984,qLogNEI,"[0.0, -1.3051353768861464, 2.33099565289709, -2.388350035356023, -1.6171863694936544, -0.22439178118853317, -3.719189227025474, -1.3349421344493644, -0.22723316714852448, 0.9517490901296569]","[-0.0, -158.32158006172847]","[0.0, 158.32158006172847]","[0.0004810807617782187, -116.31901534287991]","[0.00790933113575886, 13.308680276129751]",60,"[[0.8496929133858268, 0.15030708661417325]]",[-9.453478813157108],60,0.0,0.8683145333564439,0.0,86.63658056342672,87.30425088793001,0.0,0.0,1,0.0,87.63658056342672,832.0637750000005,cpu,medium,ZDT,Мультимодальная задача с большим числом локальных оптимумов вне фронта Парето.,10,2
zdt4,ParEGO,2,40,ParEGO,-6.002502476320159,qLogNEI,"[0.003050507240527647, 0.9192797250119001, -2.6571993923060253, 0.6458976260683144, 0.3816708351704858, -2.6202651447342724, -3.7395948806310817, -1.0893650095436378, -5.0, 0.10147604383137794]","[-0.003050507240527647, -138.35556678550122]","[0.003050507240527647, 138.35556678550122]","[-0.005446447924567499, -152.45885537876893]","[0.020117970647966135, 19.82313173855055]",60,"[[0.8496929133858268, 0.15030708661417325]]",[-7.819398326313541],60,0.0,0.8683145333564439,0.0,88.96021260576633,70.37423232706688,12.668546814312476,0.7610021412848087,5,0.0,70.70786951811907,585.9575927999995,cpu,medium,ZDT,Мультимодальная задача с большим числом локальных оптимумов вне фронта Парето.,10,2
zdt4,ParEGO,3,40,ParEGO,-7.45151394678777,qLogNEI,"[0.0, -1.0369405841574995, 0.30554015466607126, 1.9836214810368715, -1.970490822734911, 1.307411636302965, 0.17404662234209214, 1.8720668235346665, -1.9662463502242944, -2.601583451578355]","[-0.0, -97.1187940385313]","[0.0, 97.1187940385313]","[-0.0013402723411977818, -101.82086422561125]","[0.011138163142871124, 16.59128969484981]",60,"[[0.8496929133858268, 0.15030708661417325]]",[-36.27404586401703],60,0.0,0.8683145333564439,0.0,56.941970800292566,57.610622122409815,0.0,0.0,1,0.0,57.941970800292566,751.7209734999997,cpu,medium,ZDT,Мультимодальная задача с большим числом локальных оптимумов вне фронта Парето.,10,2
zdt4,ParEGO,4,40,ParEGO,-8.0390182178623,qLogNEI,"[0.0, -0.07470603200196556, -0.29928397283730795, -0.8258453028708534, -1.0581215995456454, 0.014157237766717134, -1.8147682385906823, 1.6719585022941281, 0.11163418358813185, -0.8705935151919086]","[-0.0, -101.80428066849642]","[0.0, 101.80428066849642]","[-0.0009018404606078445, -107.7119054655654]","[0.007424926819356667, 15.85183313144791]",60,"[[0.8496929133858268, 0.15030708661417325]]",[-9.376298973134986],60,0.0,0.8683145333564439,0.0,58.13151175910029,58.80010479567884,0.0,0.0,1,0.0,59.13151175910029,811.2689914999992,cpu,medium,ZDT,Мультимодальная задача с большим числом локальных оптимумов вне фронта Парето.,10,2
zdt4,qEHVI,0,40,qEHVI,0.8112277911449821,qEHVI,"[0.0, 0.5224438809662064, -5.0, -3.1507547532456455, -1.0077194411963275, -5.0, 1.3724424977974425, -3.480486382726378, -4.285650720326752, -5.0]","[-0.0, -162.8358623746209]","[0.0, 162.8358623746209]","[0.004520780372538655, -171.85667241963247]","[0.023834146545184516, 26.16653210069003]",60,,,60,0.0,0.8683145333564439,0.0,86.1653266168464,86.83300728208644,0.0,0.0,1,0.0,87.1653266168464,483.86232460000065,cpu,medium,ZDT,Мультимодальная задача с большим числом локальных оптимумов вне фронта Парето.,10,2
zdt4,qEHVI,1,40,qEHVI,1.7074965464227718,qEHVI,"[0.0, -4.7716145463244946, -1.6216897550001395, -1.7575554665373823, -3.7125243400259427, -0.9516448917342741, -0.7778389117191434, 0.7464637918554402, -2.716738168127123, 0.29259962103608994]","[-0.0, -199.80275404008128]","[0.0, 199.80275404008128]","[0.0017734876429937735, -114.8548408726817]","[0.006199763089565675, 14.612829122686579]",60,,,60,0.0,0.8683145333564439,0.0,98.30269168579107,98.97013735245662,0.0,0.0,1,0.0,99.30269168579107,475.8160065000011,cpu,medium,ZDT,Мультимодальная задача с большим числом локальных оптимумов вне фронта Парето.,10,2
zdt4,qEHVI,2,40,qEHVI,0.6811276286277868,qEHVI,"[0.0, -0.28488249992825176, -5.0, 1.4707750117385083, -2.448356104571249, -5.0, -1.121120663631939, -5.0, -3.917635362173074, 0.9958627527612123]","[-0.0, -138.01081407157076]","[0.0, 138.01081407157076]","[-0.002477766278419266, -164.59004567574004]","[0.02520532655911669, 27.011935372199197]",60,,,60,0.0,0.8683145333564439,0.0,70.46670280230343,71.13480603242617,0.0,0.0,1,0.0,71.46670280230343,514.0431626999998,cpu,medium,ZDT,Мультимодальная задача с большим числом локальных оптимумов вне фронта Парето.,10,2
zdt4,qEHVI,3,40,qEHVI,0.6934479204036919,qEHVI,"[0.0, -5.0, -5.0, -5.0, -1.3807857182410959, -5.0, -1.6851576473749763, 0.06624451644121084, 0.4914396134596292, -0.2687551035784054]","[-0.0, -155.24865914666714]","[0.0, 155.24865914666714]","[0.0006334946711273187, -164.78930222509433]","[0.021576528238489292, 22.68600536926069]",60,,,60,0.0,0.8683145333564439,0.0,58.010994779754874,58.67959361424544,0.0,0.0,1,0.0,59.010994779754874,472.1946898999995,cpu,medium,ZDT,Мультимодальная задача с большим числом локальных оптимумов вне фронта Парето.,10,2
zdt4,qEHVI,4,40,qEHVI,0.6105355648379578,qEHVI,"[0.0, -5.0, 0.10867882528963754, -4.729027073342806, -0.45397811916912484, 0.016535415293814915, -2.6793135662877514, -0.9345047061547104, 3.1602660799262243, -0.8651465620785809]","[-0.0, -141.85971460231428]","[0.0, 141.85971460231428]","[-0.0034210721868102034, -160.93510909875496]","[0.023180286330712754, 22.77806864093086]",60,,,60,0.0,0.8683145333564439,0.0,89.57367624267789,81.38797477912654,0.0,0.5523881434688912,2,0.0,81.72074114623824,517.700238200001,cpu,medium,ZDT,Мультимодальная задача с большим числом локальных оптимумов вне фронта Парето.,10,2
zdt6,ParEGO,0,40,ParEGO,-4.837449404777614,qLogNEI,"[0.09818623672006381, 0.5638781569160003, 0.8974658538455877, 0.8663044286920754, 0.5748855954939855, 0.4811489327434259]","[-0.4679582861234566, -9.13905647546091]","[0.4679582861234566, 9.13905647546091]","[-0.44607767778061475, -8.380738556325504]","[0.07743216518175697, 1.630441658741076]",60,"[[0.8496929133858268, 0.15030708661417325]]",[-7.736168496935631],60,0.20301112545372083,0.4025671941402063,0.5042912795895038,2.827509942382409,0.1515035683850102,0.07615867915237894,0.9999988009523846,17,0.28077704386927715,0.0,548.0088054999997,cpu,medium,ZDT,"Фронт с неравномерной плотностью решений, полезен для оценки равномерности распределения точек.",6,2
zdt6,ParEGO,1,40,ParEGO,-11.065392993201288,qLogNEI,"[0.07974495982483136, 0.10975368792869818, 0.26251136956339655, 0.09658178675145238, 0.0, 0.22310218933039877]","[-0.2830258707405955, -6.47697590837898]","[0.2830258707405955, 6.47697590837898]","[-0.2825375358097492, -6.754391793901476]","[0.02331951255954771, 1.61724855305726]",60,"[[0.8496929133858268, 0.15030708661417325]]",[-39.828685978370984],60,0.26052497452646656,0.4025671941402063,0.6471589794664957,0.10766585622621118,0.05641049871473744,0.4359561089908195,0.9999968315462198,18,0.280779876760318,0.0,440.6603563999997,cpu,medium,ZDT,"Фронт с неравномерной плотностью решений, полезен для оценки равномерности распределения точек.",6,2
zdt6,ParEGO,2,40,ParEGO,-37.142472825209,qLogNEI,"[0.08194948136066356, 0.0, 0.28978808810412554, 0.20988580335904578, 0.23814301133740093, 0.0]","[-0.28096082538929656, -6.56611082983403]","[0.28096082538929656, 6.56611082983403]","[-0.2834735162179175, -7.09044092099224]","[0.01270696017243643, 1.6588038733623833]",60,"[[0.8496929133858268, 0.15030708661417325]]",[-40.74308110409278],60,0.30701422618643043,0.4025671941402063,0.7626409470402682,0.4187775176926491,0.06757960242334456,0.8497879601011256,0.9999996989349798,19,0.2807757521667862,0.0,462.11579300000085,cpu,medium,ZDT,"Фронт с неравномерной плотностью решений, полезен для оценки равномерности распределения точек.",6,2
zdt6,ParEGO,3,40,ParEGO,-8.76772080456142,qLogNEI,"[0.08169442300690218, 0.0, 0.0, 0.0, 0.0, 0.0]","[-0.2808182921622081, -0.9211410867871007]","[0.2808182921622081, 0.9211410867871007]","[-0.2808447695250358, -1.205920571451668]","[0.0022363002720025417, 0.23440171505012974]",60,"[[0.8496929133858268, 0.15030708661417325]]",[-41.16168209250678],60,0.2857036560207881,0.4025671941402063,0.709704268453835,0.0009409895028231042,0.06601796384309944,0.04993620248092639,0.9999570260399981,17,0.2808182921622081,0.0,447.0662839000033,cpu,medium,ZDT,"Фронт с неравномерной плотностью решений, полезен для оценки равномерности распределения точек.",6,2
zdt6,ParEGO,4,40,ParEGO,-13.397797385625339,qLogNEI,"[0.08197573603687212, 0.0, 0.0, 0.0, 0.0, 0.0]","[-0.2809811604720761, -0.9210495874597654]","[0.2809811604720761, 0.9210495874597654]","[-0.28145072514936226, -1.3987862251558414]","[0.001235153914270322, 0.20637915836942045]",60,"[[0.8496929133858268, 0.15030708661417325]]",[-39.12159085131344],60,0.30038371345579873,0.4025671941402063,0.7461703731158504,0.0010722692760405334,0.044933311679207034,0.05322002019770094,0.9999990017930318,16,0.2807763173088563,0.0,578.2619960999982,cpu,medium,ZDT,"Фронт с неравномерной плотностью решений, полезен для оценки равномерности распределения точек.",6,2
zdt6,qEHVI,0,40,qEHVI,0.08438223981130562,qEHVI,"[0.07083295664634305, 0.0, 0.37432507876026827, 1.0, 0.42398558180395696, 0.0]","[-0.3632994810783675, -7.953172782387148]","[0.3632994810783675, 7.953172782387148]","[-0.5192147227677695, -7.704697595507327]","[0.10337227436012243, 0.9552117127043469]",60,,,60,0.07287772398052032,0.4025671941402063,0.18103244636257776,3.9090637327394506,0.362538818668499,0.12192647395030402,0.9999968704972458,7,0.2807798207312394,0.0,265.8423937000007,cpu,medium,ZDT,"Фронт с неравномерной плотностью решений, полезен для оценки равномерности распределения точек.",6,2
zdt6,qEHVI,1,40,qEHVI,0.19485590057104024,qEHVI,"[0.09077747040448138, 0.0, 0.0, 0.01282732333045892, 0.037891413546718336, 0.0]","[-0.3445103297927212, -3.825444884984287]","[0.3445103297927212, 3.825444884984287]","[-0.25383594012722827, -2.8919263290851185]","[0.015540277468023478, 0.39556116372818345]",60,,,60,0.22177332271132014,0.4025671941402063,0.5508976537071741,0.7084472062203303,0.12808963193885023,0.2769617932874744,0.9999999931246188,9,0.28077532898988755,0.0,511.76910009999847,cpu,medium,ZDT,"Фронт с неравномерной плотностью решений, полезен для оценки равномерности распределения точек.",6,2
zdt6,qEHVI,2,40,qEHVI,0.06260690437013142,qEHVI,"[0.08123252173786809, 0.0, 0.0, 0.0, 0.0, 0.0]","[-0.2808142762693755, -0.9211433422433069]","[0.2808142762693755, 0.9211433422433069]","[-0.2810771220508224, -0.8181360184045303]","[0.0014148202789641595, 0.09630187736875206]",60,,,60,0.1777861303025274,0.4025671941402063,0.44163094482211573,0.4383944743445046,0.1624940792885578,1.57210049014909,0.999999997235019,14,0.28077532307728514,0.0,296.7909111000008,cpu,medium,ZDT,"Фронт с неравномерной плотностью решений, полезен для оценки равномерности распределения точек.",6,2
zdt6,qEHVI,3,40,qEHVI,0.0032213329033681628,qEHVI,"[0.24837507493205832, 0.0772230623574371, 0.052859701047846916, 0.07065403162088968, 0.02479032284165194, 0.29340435330977077]","[-0.6307624843355542, -6.043178729299776]","[0.6307624843355542, 6.043178729299776]","[-0.630351490706792, -6.2407950046761655]","[0.001580299642275722, 1.0830204292667485]",60,,,60,0.22549688581164534,0.4025671941402063,0.5601471980181008,1.19056329679935,0.1901281868816797,1.5106418476771144,0.7567085593810335,8,0.6307377365897548,0.0,414.76869899999656,cpu,medium,ZDT,"Фронт с неравномерной плотностью решений, полезен для оценки равномерности распределения точек.",6,2
zdt6,qEHVI,4,40,qEHVI,0.19178993423932703,qEHVI,"[0.42219734009818866, 0.0, 0.0, 0.0, 0.0, 0.0]","[-0.8211938892532059, -0.3256405962531934]","[0.8211938892532059, 0.3256405962531934]","[-0.8897569931252156, 0.679071584095083]","[0.11438076209574066, 0.3788340413698232]",60,,,60,0.2660660242492328,0.4025671941402063,0.6609232647918329,0.0008206518688036947,0.09502631029834246,0.0659215058471622,0.9999991101588875,17,0.28077620894284805,0.0,431.74605560000055,cpu,medium,ZDT,"Фронт с неравномерной плотностью решений, полезен для оценки равномерности распределения точек.",6,2
dtlz1,ParEGO,0,40,ParEGO,-6.855322470144264,qLogNEI,"[1.0, 0.0, 0.17337436435638945, 0.0, 0.0, 0.0]","[-0.0, -98.43242461221885, -0.0]","[0.0, 98.43242461221885, 0.0]","[-1.9034602827230813, -52.27057686179409, -14.983152205129187]","[14.757102962819948, 4.814070843567418, 31.162892058509264]",60,"[[0.3631704607978463, 0.0217268243432045, 0.6151027148589492]]",[-8.272705855164485],60,0.0,0.13798611111111111,0.0,123.52800353899693,45.92292855120883,51.7732349167735,1.0,5,0.0,0.0,552.3256265999989,cpu,medium,DTLZ,Линейный фронт Парето с мультимодальной функцией расстояния g(x).,6,3
dtlz1,ParEGO,1,40,ParEGO,-6.200583465310837,qLogNEI,"[0.9871510832255651, 0.24296131269825091, 0.6187374788427982, 0.05761131086204321, 0.786797951693049, 0.6999035104145629]","[-38.02896395329519, -118.4937496053271, -2.0373247357961928]","[38.02896395329519, 118.4937496053271, 2.0373247357961928]","[6.193591860058294, -127.00567243826644, -21.256674885220704]","[8.879484622865181, 20.64337761126018, 38.03164977132922]",60,"[[0.3631704607978463, 0.0217268243432045, 0.6151027148589492]]",[-7.234971935734709],60,0.0,0.13798611111111111,0.0,90.2338936731862,39.50362440145162,103.87554120426518,1.0,5,0.0,0.0,537.6878877000017,cpu,medium,DTLZ,Линейный фронт Парето с мультимодальной функцией расстояния g(x).,6,3
dtlz1,ParEGO,2,40,ParEGO,-7.071421027834794,qLogNEI,"[0.15237031209354804, 0.016643625668769195, 0.035083270263113434, 0.2761629468499714, 0.739688965961427, 0.548819609465477]","[-0.8431822444281976, -49.81778918143008, -281.8248700073133]","[0.8431822444281976, 49.81778918143008, 281.8248700073133]","[-0.0902032073158523, -25.796996064641682, -51.49217725727651]","[18.37491277875681, 27.50692199862631, 56.242159131286215]",60,"[[0.3631704607978463, 0.0217268243432045, 0.6151027148589492]]",[-9.05208308438749],60,0.0,0.13798611111111111,0.0,49.93761461186267,40.22512907672687,25.510143341716695,1.0,8,0.0,0.0,503.5112928999988,cpu,medium,DTLZ,Линейный фронт Парето с мультимодальной функцией расстояния g(x).,6,3
dtlz1,ParEGO,3,40,ParEGO,-6.68863240782019,qLogNEI,"[0.9618352707581996, 0.11948790058648902, 0.3145496842869612, 0.12417508626012257, 0.4808892467531889, 0.0013167608426022971]","[-13.873013807731773, -102.23090750679545, -4.606895645849293]","[13.873013807731773, 102.23090750679545, 4.606895645849293]","[-5.439881842503047, -126.66013672034933, -23.083397724556107]","[16.78898427307611, 41.24345754599342, 31.175545615968133]",60,"[[0.3631704607978463, 0.0217268243432045, 0.6151027148589492]]",[-7.504582285688423],60,0.0,0.13798611111111111,0.0,45.12230137063978,39.507704148979236,2.138350331276097,1.0,6,0.0,0.0,486.44636470000114,cpu,medium,DTLZ,Линейный фронт Парето с мультимодальной функцией расстояния g(x).,6,3
dtlz1,ParEGO,4,40,ParEGO,-6.503153468090959,qLogNEI,"[0.8038910969307653, 0.0, 0.0, 0.14342681996203052, 5.734860359716593e-05, 0.0]","[-0.0, -112.66583601222017, -27.484784441688717]","[0.0, 112.66583601222017, 27.484784441688717]","[-1.4224964037019454, -88.29293051704286, -21.078789746448848]","[18.477492939012095, 23.017491780612996, 33.77650528139812]",60,"[[0.3631704607978463, 0.0217268243432045, 0.6151027148589492]]",[-7.55870209198179],60,0.0,0.13798611111111111,0.0,65.3996624894666,42.60425902199342,17.50714366115478,1.0,5,0.0,0.0,462.66008990000046,cpu,medium,DTLZ,Линейный фронт Парето с мультимодальной функцией расстояния g(x).,6,3
dtlz1,qEHVI,0,40,qEHVI,448178.0494991753,qEHVI,"[0.9573352480300381, 0.0, 0.0, 0.014759548463469493, 0.3585381650275456, 0.0]","[-0.0, -144.79926730906487, -6.453146729827317]","[0.0, 144.79926730906487, 6.453146729827317]","[0.8465870240803781, -26.980129306076087, -41.92660385193658]","[7.512931187061089, 17.3371914764921, 54.52014376933722]",60,,,60,0.0,0.13798611111111111,0.0,75.50752202479424,38.10309177820508,63.29105813463247,1.0,4,0.0,0.0,297.9699518999987,cpu,medium,DTLZ,Линейный фронт Парето с мультимодальной функцией расстояния g(x).,6,3
dtlz1,qEHVI,1,40,qEHVI,1060629.0525499443,qEHVI,"[1.0, 0.0, 0.3682680138993171, 0.09569654194754358, 0.0, 0.594802209760413]","[-0.0, -97.47380334302483, -0.0]","[0.0, 97.47380334302483, 0.0]","[8.535316449005249, -123.06728335970942, -18.54143226518333]","[9.998460824659647, 24.96428321334004, 45.72075909196649]",60,,,60,0.0,0.13798611111111111,0.0,44.22862579048926,38.79172840130345,0.0,0.6666666666666666,2,0.0,0.0,257.2609648999969,cpu,medium,DTLZ,Линейный фронт Парето с мультимодальной функцией расстояния g(x).,6,3
dtlz1,qEHVI,2,40,qEHVI,789817.1388525245,qEHVI,"[0.2507834518498312, 0.0, 0.0, 1.0, 0.0, 0.0]","[-0.0, -12.664564318416476, -37.835435681583526]","[0.0, 12.664564318416476, 37.835435681583526]","[4.46339138740349, -18.269172395984572, -35.23612581631067]","[18.158544454410798, 25.166243715998824, 24.32573029926934]",60,,,60,0.0,0.13798611111111111,0.0,74.12815083826978,35.66167558128407,86.1646708675655,1.0,6,0.0,0.0,257.9928851000004,cpu,medium,DTLZ,Линейный фронт Парето с мультимодальной функцией расстояния g(x).,6,3
dtlz1,qEHVI,3,40,qEHVI,240980.45088669937,qEHVI,"[0.0, 0.5253252976920691, 0.0, 0.0, 0.0, 1.0]","[-0.0, -0.0, -50.5]","[0.0, 0.0, 50.5]","[0.2234470165440623, -1.6067845897733584, -62.61586884085621]","[3.670760105412635, 15.042334077882714, 39.56310829990187]",60,,,60,0.0,0.13798611111111111,0.0,49.257298100474095,46.065309399917346,1.693871446824072,1.0,3,0.0,0.0,242.63081989999773,cpu,medium,DTLZ,Линейный фронт Парето с мультимодальной функцией расстояния g(x).,6,3
dtlz1,qEHVI,4,40,qEHVI,415130.57262165606,qEHVI,"[0.0, 0.9644819549486869, 0.05073476315333483, 0.1358486138829936, 0.9816743445663901, 0.016208695556134224]","[-0.0, -0.0, -275.3811766995105]","[0.0, 0.0, 275.3811766995105]","[-8.950149814104835, -7.179216961386283, -95.68009239140001]","[11.84320993365576, 29.761450570027378, 61.453565329161584]",60,,,60,0.0,0.13798611111111111,0.0,50.53282858647848,35.698680640792645,28.48040090932811,1.0,6,0.0,0.0,325.1718209999999,cpu,medium,DTLZ,Линейный фронт Парето с мультимодальной функцией расстояния g(x).,6,3
dtlz2,ParEGO,0,40,ParEGO,-8.409304786800748,qLogNEI,"[0.0, 1.0, 0.45831948517956017, 0.5370440421700198, 0.4898233253001931, 0.625297893164832]","[-6.239040596243064e-17, -1.0189126531154824, -0.0]","[6.239040596243064e-17, 1.0189126531154824, 0.0]","[-0.010264905361960341, -1.0249763334347608, -0.009524597121877476]","[0.041229619248568924, 0.030610120465503, 0.03121388693866562]",60,"[[0.3631704607978463, 0.0217268243432045, 0.6151027148589492]]",[-14.21530787192398],60,0.22360632840442204,0.7317482878033809,0.3055782051443687,0.07966533448066106,0.25960125140119267,0.15285655030106068,1.0,14,2.2962411731737555e-18,0.0,463.9063550999999,cpu,easy,DTLZ,Сферический фронт Парето. Хорошая базовая задача для гладких многокритериальных фронтов.,6,3
dtlz2,ParEGO,1,40,ParEGO,-8.089241046366364,qLogNEI,"[0.0, 1.0, 0.612610717825252, 0.4661502028770413, 0.710510605581178, 0.39078606363052887]","[-6.552285214560176e-17, -1.0700693814938531, -0.0]","[6.552285214560176e-17, 1.0700693814938531, 0.0]","[0.016876823230494997, -1.0554895238058577, -0.0004083760240314316]","[0.046807181495078114, 0.04613193138890462, 0.045666295109345605]",60,"[[0.3631704607978463, 0.0217268243432045, 0.6151027148589492]]",[-11.229317755949532],60,0.18232261869073343,0.7317482878033809,0.249160294229104,0.21717156896386913,0.3054584569308318,0.19105258435503722,1.0,21,2.2885506597372825e-17,0.0,532.765011800002,cpu,easy,DTLZ,Сферический фронт Парето. Хорошая базовая задача для гладких многокритериальных фронтов.,6,3
dtlz2,ParEGO,2,40,ParEGO,-7.642434145877607,qLogNEI,"[0.0, 1.0, 0.40793227295816625, 0.48521567920108083, 0.4128910831694679, 0.4992566148382377]","[-6.222942034819765e-17, -1.0162835585170222, -0.0]","[6.222942034819765e-17, 1.0162835585170222, 0.0]","[0.00842445047921403, -1.2139381091993617, -0.043466942847835366]","[0.11000124537679906, 0.08560306404291472, 0.07844334391694081]",60,"[[0.3631704607978463, 0.0217268243432045, 0.6151027148589492]]",[-10.752795081618716],60,0.29063567179841837,0.7317482878033809,0.3971798453685095,0.17973921589312114,0.2145267368944327,0.16352526840593565,1.0,25,4.0990895202858766e-33,0.0,470.1252367999987,cpu,easy,DTLZ,Сферический фронт Парето. Хорошая базовая задача для гладких многокритериальных фронтов.,6,3
dtlz2,ParEGO,3,40,ParEGO,-7.552968196349916,qLogNEI,"[0.0, 1.0, 0.5974744078168643, 0.5674508431500437, 0.43349072023144225, 0.44294472004888313]","[-6.256289823384537e-17, -1.0217296656865327, -0.0]","[6.256289823384537e-17, 1.0217296656865327, 0.0]","[-0.005526732563933434, -1.0032616582388747, 0.0051207907788441975]","[0.04331860473047756, 0.03141033127019787, 0.02596783814469112]",60,"[[0.3631704607978463, 0.0217268243432045, 0.6151027148589492]]",[-12.158092767757465],60,0.3320275065112428,0.7317482878033809,0.45374551884220854,0.07943117716601103,0.18382370670952397,0.13296827605471828,1.0,22,2.977455123515931e-17,0.0,430.49636140000075,cpu,easy,DTLZ,Сферический фронт Парето. Хорошая базовая задача для гладких многокритериальных фронтов.,6,3
dtlz2,ParEGO,4,40,ParEGO,-6.518915065192472,qLogNEI,"[0.0, 1.0, 0.2736915012801547, 0.5186763863492171, 0.36026756534828613, 0.6124419392398458]","[-6.635948831290413e-17, -1.0837326869936081, -0.0]","[6.635948831290413e-17, 1.0837326869936081, 0.0]","[-0.05050875524888254, -1.2900527341910641, -0.01181417764495396]","[0.11650941802851411, 0.10305950170606167, 0.08226219405212315]",60,"[[0.3631704607978463, 0.0217268243432045, 0.6151027148589492]]",[-8.836359779492287],60,0.31541559447948075,0.7317482878033809,0.4310438435412263,0.14627863710433012,0.20947170311593652,0.17437340115471214,1.0,24,1.573402749233342e-18,0.0,476.1051512000013,cpu,easy,DTLZ,Сферический фронт Парето. Хорошая базовая задача для гладких многокритериальных фронтов.,6,3
dtlz2,qEHVI,0,40,qEHVI,0.2135584790584961,qEHVI,"[0.0, 1.0, 0.4007668927751985, 0.3556468010742189, 0.6554246080151599, 0.5045565295349683]","[-6.459170694484187e-17, -1.0548626263476641, -0.0]","[6.459170694484187e-17, 1.0548626263476641, 0.0]","[0.04128957591459337, -1.4974783213450886, 0.009472608998686849]","[0.16056562294341292, 0.10182550070034126, 0.11789893748187402]",60,,,60,0.06707352526752362,0.7317482878033809,0.09166201873716735,0.19247135295117257,0.3166570910351194,0.28720123092800204,1.0,15,2.541387729155391e-18,0.0,580.0514636999978,cpu,easy,DTLZ,Сферический фронт Парето. Хорошая базовая задача для гладких многокритериальных фронтов.,6,3
dtlz2,qEHVI,1,40,qEHVI,0.13477139848094735,qEHVI,"[0.0, 1.0, 1.0, 0.31937639171289695, 0.7319179528311949, 0.3096619526951629]","[-8.40499221940136e-17, -1.3726393969678836, -0.0]","[8.40499221940136e-17, 1.3726393969678836, 0.0]","[-0.003247136186619981, -1.2266200062665873, 0.0015438987115781178]","[0.0325440264235908, 0.13989146690440668, 0.12508017513246145]",60,,,60,0.15400083906661055,0.7317482878033809,0.21045602925686685,0.27246172672194047,0.348538162090536,0.19766251733258344,1.0,16,2.1568703827024148e-17,0.0,531.3525097999991,cpu,easy,DTLZ,Сферический фронт Парето. Хорошая базовая задача для гладких многокритериальных фронтов.,6,3
dtlz2,qEHVI,2,40,qEHVI,0.1518090073194419,qEHVI,"[0.2755171915744754, 0.0, 0.0, 0.17744533374941446, 0.2579895830589507, 0.4104539040208211]","[-1.2896509710708857, -0.0, -0.5958081008679426]","[1.2896509710708857, 0.0, 0.5958081008679426]","[-1.1207855066605767, 0.01639575815153993, -0.58579382870532]","[0.15508891442708864, 0.14304341732579112, 0.18435467572641043]",60,,,60,0.1181538643558369,0.7317482878033809,0.1614679068269779,0.3152936393631764,0.3243113068878318,0.1519121244817629,1.0,22,4.023801646361511e-33,0.0,784.4102969000014,cpu,easy,DTLZ,Сферический фронт Парето. Хорошая базовая задача для гладких многокритериальных фронтов.,6,3
dtlz2,qEHVI,3,40,qEHVI,0.15262332337616555,qEHVI,"[0.22629276883962707, 1.0, 0.7032337813081035, 0.5027769080538842, 0.47194405318603755, 0.48505783442915235]","[-5.983397310371453e-17, -0.9771629362094159, -0.362750501194725]","[5.983397310371453e-17, 0.9771629362094159, 0.362750501194725]","[-0.0514070333993103, -0.8706202509993755, -0.3051419220154286]","[0.1291466506046673, 0.08647238802484465, 0.09716736842046507]",60,,,60,0.10485036844231946,0.7317482878033809,0.14328748039447756,0.11608794065025295,0.30481358476767895,0.25151510755575074,1.0,12,5.721958336756499e-17,0.0,512.0210775999985,cpu,easy,DTLZ,Сферический фронт Парето. Хорошая базовая задача для гладких многокритериальных фронтов.,6,3
dtlz2,qEHVI,4,40,qEHVI,0.15311498834060516,qEHVI,"[0.0, 0.0, 0.54402186945623, 0.5329732501222378, 0.0, 0.2519412517447493]","[-1.3145583028000067, -0.0, -0.0]","[1.3145583028000067, 0.0, 0.0]","[-1.2803493494587026, 0.009736599053870643, 0.013244019943355001]","[0.09963231745096533, 0.04011670584945551, 0.11886826395975639]",60,,,60,0.12671394238663553,0.7317482878033809,0.17316602511912305,0.2870757797825541,0.33363411306491153,0.24293094927901215,1.0,17,4.0170790472935685e-33,0.0,571.1894711999994,cpu,easy,DTLZ,Сферический фронт Парето. Хорошая базовая задача для гладких многокритериальных фронтов.,6,3
